url,version,productVersion,timestamp
"https://az764295.vo.msecnd.net/insider/633562da380f9161ea2fd783e561eed508cfbbea/VSCodeSetup-x64-1.56.0-insider.exe","633562da380f9161ea2fd783e561eed508cfbbea","1.56.0-insider",1619413720134
"https://az764295.vo.msecnd.net/insider/9a4d524f909e09079fec7abb82f2efde2172da7c/VSCodeSetup-x64-1.56.0-insider.exe","9a4d524f909e09079fec7abb82f2efde2172da7c","1.56.0-insider",1619503372018
"https://az764295.vo.msecnd.net/insider/19cda32aafccb88db45622e7ae9be90cb71c9744/VSCodeSetup-x64-1.56.0-insider.exe","19cda32aafccb88db45622e7ae9be90cb71c9744","1.56.0-insider",1619545227389
"https://az764295.vo.msecnd.net/insider/13f1afffab09548c10ddb3bc5d5db52587876ad8/VSCodeSetup-x64-1.56.0-insider.exe","13f1afffab09548c10ddb3bc5d5db52587876ad8","1.56.0-insider",1619585217273
"https://az764295.vo.msecnd.net/insider/0123d26aaa393bccf99f31f1eac07df6c9e218ce/VSCodeSetup-x64-1.56.0-insider.exe","0123d26aaa393bccf99f31f1eac07df6c9e218ce","1.56.0-insider",1619672901558
"https://az764295.vo.msecnd.net/insider/b2d6cab998570dce35a80b0597758932cbfa7477/VSCodeSetup-x64-1.56.0-insider.exe","b2d6cab998570dce35a80b0597758932cbfa7477","1.56.0-insider",1619706834464
"https://az764295.vo.msecnd.net/insider/a348d103d1256a06a2c9b3f9b406298a9fef6898/VSCodeSetup-x64-1.56.0-insider.exe","a348d103d1256a06a2c9b3f9b406298a9fef6898","1.56.0-insider",1619759300724
"https://az764295.vo.msecnd.net/insider/6449b6b7253b5808e2278903c82da8d59a230383/VSCodeSetup-x64-1.56.0-insider.exe","6449b6b7253b5808e2278903c82da8d59a230383","1.56.0-insider",1619774610286
"https://az764295.vo.msecnd.net/insider/4e185d8986339717e593be19bc75288905ffbb51/VSCodeSetup-x64-1.56.0-insider.exe","4e185d8986339717e593be19bc75288905ffbb51","1.56.0-insider",1619824529667
"https://az764295.vo.msecnd.net/insider/85f8ebf1687661c45fe2633bdd7f640164a20cc2/VSCodeSetup-x64-1.56.0-insider.exe","85f8ebf1687661c45fe2633bdd7f640164a20cc2","1.56.0-insider",1620114992989
"https://az764295.vo.msecnd.net/insider/cfa2e218100323074ac1948c885448fdf4de2a7f/VSCodeSetup-x64-1.56.0-insider.exe","cfa2e218100323074ac1948c885448fdf4de2a7f","1.56.0-insider",1620165095482
"https://az764295.vo.msecnd.net/insider/b95b73b7b074f5dddccd57e5e290617f1a767ec1/VSCodeSetup-x64-1.57.0-insider.exe","b95b73b7b074f5dddccd57e5e290617f1a767ec1","1.57.0-insider",1620234938810
"https://az764295.vo.msecnd.net/insider/fe23c2041f848d6c2f6bd27875112a37bcc82f84/VSCodeSetup-x64-1.57.0-insider.exe","fe23c2041f848d6c2f6bd27875112a37bcc82f84","1.57.0-insider",1620277893973
"https://az764295.vo.msecnd.net/insider/6bee0f2f3fea9df1ad45344f09b2a139c93b384f/VSCodeSetup-x64-1.57.0-insider.exe","6bee0f2f3fea9df1ad45344f09b2a139c93b384f","1.57.0-insider",1620374609228
"https://az764295.vo.msecnd.net/insider/a19565da7dfc739fa26e36aae96113e19fe3806f/VSCodeSetup-x64-1.57.0-insider.exe","a19565da7dfc739fa26e36aae96113e19fe3806f","1.57.0-insider",1620407802316
"https://az764295.vo.msecnd.net/insider/54d33cf14cf6c0e86880b5b74a5a3628de42bce9/VSCodeSetup-x64-1.57.0-insider.exe","54d33cf14cf6c0e86880b5b74a5a3628de42bce9","1.57.0-insider",1620623522377
"https://az764295.vo.msecnd.net/insider/988902e0bc37c7acba82e2ddde49592d8cb11666/VSCodeSetup-x64-1.57.0-insider.exe","988902e0bc37c7acba82e2ddde49592d8cb11666","1.57.0-insider",1620740108936
"https://az764295.vo.msecnd.net/insider/37a12c9b0846167b2f68e9e1f276149d2d8b9b27/VSCodeSetup-x64-1.57.0-insider.exe","37a12c9b0846167b2f68e9e1f276149d2d8b9b27","1.57.0-insider",1620828773183
"https://az764295.vo.msecnd.net/insider/659175fa39b994fc39381b0af2874c85efeb2a01/VSCodeSetup-x64-1.57.0-insider.exe","659175fa39b994fc39381b0af2874c85efeb2a01","1.57.0-insider",1620882667248
"https://az764295.vo.msecnd.net/insider/7771be8b981d4fff2c6de123dad953517253c395/VSCodeSetup-x64-1.57.0-insider.exe","7771be8b981d4fff2c6de123dad953517253c395","1.57.0-insider",1620969095976
"https://az764295.vo.msecnd.net/insider/5246162662ffa9f16a70dc2b94f13b0d15511e64/VSCodeSetup-x64-1.57.0-insider.exe","5246162662ffa9f16a70dc2b94f13b0d15511e64","1.57.0-insider",1620982093134
"https://az764295.vo.msecnd.net/insider/40d5e6796fbc32d67dd0009e5b0027003803fd7e/VSCodeSetup-x64-1.57.0-insider.exe","40d5e6796fbc32d67dd0009e5b0027003803fd7e","1.57.0-insider",1621023097136
"https://az764295.vo.msecnd.net/insider/82767cc1d7bf8cdea0f2897276d5d15aee91f3d9/VSCodeSetup-x64-1.57.0-insider.exe","82767cc1d7bf8cdea0f2897276d5d15aee91f3d9","1.57.0-insider",1621228287081
"https://az764295.vo.msecnd.net/insider/45aafeb326d0d3d56cbc9e2932f87e368dbf652d/VSCodeSetup-x64-1.57.0-insider.exe","45aafeb326d0d3d56cbc9e2932f87e368dbf652d","1.57.0-insider",1621314705984
"https://az764295.vo.msecnd.net/insider/a9c5e37ea0dc020f5df3b1c82ef020627fc8cd7c/VSCodeSetup-x64-1.57.0-insider.exe","a9c5e37ea0dc020f5df3b1c82ef020627fc8cd7c","1.57.0-insider",1621414369498
"https://az764295.vo.msecnd.net/insider/53b58c89d44deb230dc526605561a1d42f6d1c50/VSCodeSetup-x64-1.57.0-insider.exe","53b58c89d44deb230dc526605561a1d42f6d1c50","1.57.0-insider",1621432510044
"https://az764295.vo.msecnd.net/insider/29c61570a5b9a669f777bb28b5acd5c37d99edbe/VSCodeSetup-x64-1.57.0-insider.exe","29c61570a5b9a669f777bb28b5acd5c37d99edbe","1.57.0-insider",1621487459305
"https://az764295.vo.msecnd.net/insider/0b355ffc89b2020a941ce149f2704acf13a49afd/VSCodeSetup-x64-1.57.0-insider.exe","0b355ffc89b2020a941ce149f2704acf13a49afd","1.57.0-insider",1621530325336
"https://az764295.vo.msecnd.net/insider/4fd4e10e99eff9eb77408b71c7f58b7ed7458ee5/VSCodeSetup-x64-1.57.0-insider.exe","4fd4e10e99eff9eb77408b71c7f58b7ed7458ee5","1.57.0-insider",1621573866986
"https://az764295.vo.msecnd.net/insider/5319757634f77a050b49c10162939bfe60970c29/VSCodeSetup-x64-1.57.0-insider.exe","5319757634f77a050b49c10162939bfe60970c29","1.57.0-insider",1621833121456
"https://az764295.vo.msecnd.net/insider/286b643ecd231f66f3f2e67e1456f3c601838b46/VSCodeSetup-x64-1.57.0-insider.exe","286b643ecd231f66f3f2e67e1456f3c601838b46","1.57.0-insider",1621919471326
"https://az764295.vo.msecnd.net/insider/a18ea9c9ec25c59e599ba3c2eb668315546dd269/VSCodeSetup-x64-1.57.0-insider.exe","a18ea9c9ec25c59e599ba3c2eb668315546dd269","1.57.0-insider",1622005958033
"https://az764295.vo.msecnd.net/insider/1082913dd012e21cc5f35a06f15c480ca447f67f/VSCodeSetup-x64-1.57.0-insider.exe","1082913dd012e21cc5f35a06f15c480ca447f67f","1.57.0-insider",1622098396658
"https://az764295.vo.msecnd.net/insider/541a5d4fa70ab3095f23b28b88914e1f6a8f65c4/VSCodeSetup-x64-1.57.0-insider.exe","541a5d4fa70ab3095f23b28b88914e1f6a8f65c4","1.57.0-insider",1622195371681
"https://az764295.vo.msecnd.net/insider/4f3d865a6b46a4ead49cf83fe1c30d95d0a34220/VSCodeSetup-x64-1.57.0-insider.exe","4f3d865a6b46a4ead49cf83fe1c30d95d0a34220","1.57.0-insider",1622437901076
"https://az764295.vo.msecnd.net/insider/1e446dfadf588ec28b3fdba7ac083bfa1d45df3c/VSCodeSetup-x64-1.57.0-insider.exe","1e446dfadf588ec28b3fdba7ac083bfa1d45df3c","1.57.0-insider",1622524278791
"https://az764295.vo.msecnd.net/insider/217f1a2f60a197807de78af362ecb832100fda96/VSCodeSetup-x64-1.57.0-insider.exe","217f1a2f60a197807de78af362ecb832100fda96","1.57.0-insider",1622610693028
"https://az764295.vo.msecnd.net/insider/c324c61ad572be43a8696780e1aba3c1a2c46eee/VSCodeSetup-x64-1.57.0-insider.exe","c324c61ad572be43a8696780e1aba3c1a2c46eee","1.57.0-insider",1622655343236
"https://az764295.vo.msecnd.net/insider/20df87725d3ce4a501187f0240c2f159aa0ad2a5/VSCodeSetup-x64-1.57.0-insider.exe","20df87725d3ce4a501187f0240c2f159aa0ad2a5","1.57.0-insider",1622699992828
"https://az764295.vo.msecnd.net/insider/a62df5d6c53e844bfdc50694f943c3f34b6ff50e/VSCodeSetup-x64-1.57.0-insider.exe","a62df5d6c53e844bfdc50694f943c3f34b6ff50e","1.57.0-insider",1622741759074
"https://az764295.vo.msecnd.net/insider/387e2f39ebbbf50d4b488f900b2a745972764015/VSCodeSetup-x64-1.57.0-insider.exe","387e2f39ebbbf50d4b488f900b2a745972764015","1.57.0-insider",1622783494496
"https://az764295.vo.msecnd.net/insider/fe1eafc80c07608de52a2f9c99fee103dea77f5e/VSCodeSetup-x64-1.57.0-insider.exe","fe1eafc80c07608de52a2f9c99fee103dea77f5e","1.57.0-insider",1622809179220
"https://az764295.vo.msecnd.net/insider/bf84ee619e0b67443d0307c04348fa575bc3c363/VSCodeSetup-x64-1.57.0-insider.exe","bf84ee619e0b67443d0307c04348fa575bc3c363","1.57.0-insider",1623069503943
"https://az764295.vo.msecnd.net/insider/c7119ae8b6390a5700f6b28f0f1511d676c96562/VSCodeSetup-x64-1.57.0-insider.exe","c7119ae8b6390a5700f6b28f0f1511d676c96562","1.57.0-insider",1623143717274
"https://az764295.vo.msecnd.net/insider/b4c1bd0a9b03c749ea011b06c6d2676c8091a70c/VSCodeSetup-x64-1.57.0-insider.exe","b4c1bd0a9b03c749ea011b06c6d2676c8091a70c","1.57.0-insider",1623235151291
"https://az764295.vo.msecnd.net/insider/012b14606f75ec4fed90d7ab4154f63dffab9503/VSCodeSetup-x64-1.58.0-insider.exe","012b14606f75ec4fed90d7ab4154f63dffab9503","1.58.0-insider",1623388286515
"https://az764295.vo.msecnd.net/insider/e1161be26874f0d39a5b9cdeb2c5fbfd4f83bb80/VSCodeSetup-x64-1.58.0-insider.exe","e1161be26874f0d39a5b9cdeb2c5fbfd4f83bb80","1.58.0-insider",1623647516466
"https://az764295.vo.msecnd.net/insider/b79d23d3568db6c926c5ac428457c31f4dfc1c00/VSCodeSetup-x64-1.58.0-insider.exe","b79d23d3568db6c926c5ac428457c31f4dfc1c00","1.58.0-insider",1623770507887
"https://az764295.vo.msecnd.net/insider/3e0c442a8ee9fdc037d627d70fe291f72af04cfd/VSCodeSetup-x64-1.58.0-insider.exe","3e0c442a8ee9fdc037d627d70fe291f72af04cfd","1.58.0-insider",1623820554786
"https://az764295.vo.msecnd.net/insider/a81fff00c9dab105800118fcf8b044cd84620419/VSCodeSetup-x64-1.58.0-insider.exe","a81fff00c9dab105800118fcf8b044cd84620419","1.58.0-insider",1623906908396
"https://az764295.vo.msecnd.net/insider/7dea6d7402b55671410a129661cad24b55aed9f4/VSCodeSetup-x64-1.58.0-insider.exe","7dea6d7402b55671410a129661cad24b55aed9f4","1.58.0-insider",1624024625164
"https://az764295.vo.msecnd.net/insider/6afedfdad59d1f1ba4b614341d21c67775e158a9/VSCodeSetup-x64-1.58.0-insider.exe","6afedfdad59d1f1ba4b614341d21c67775e158a9","1.58.0-insider",1624252284249
"https://az764295.vo.msecnd.net/insider/d54f7e1f6c1290fe27e2397eca509d0e0728272e/VSCodeSetup-x64-1.58.0-insider.exe","d54f7e1f6c1290fe27e2397eca509d0e0728272e","1.58.0-insider",1624346052112
"https://az764295.vo.msecnd.net/insider/9744231fc12f1aed21089180b3f0394d694bd2a2/VSCodeSetup-x64-1.58.0-insider.exe","9744231fc12f1aed21089180b3f0394d694bd2a2","1.58.0-insider",1624425078025
"https://az764295.vo.msecnd.net/insider/3caebff71e514ece73b125468881d102e767ee4d/VSCodeSetup-x64-1.58.0-insider.exe","3caebff71e514ece73b125468881d102e767ee4d","1.58.0-insider",1624511478375
"https://az764295.vo.msecnd.net/insider/49e1f9919880c1c96004f9b6ad91bcee7a94a1bd/VSCodeSetup-x64-1.58.0-insider.exe","49e1f9919880c1c96004f9b6ad91bcee7a94a1bd","1.58.0-insider",1624597900347
"https://az764295.vo.msecnd.net/insider/bfac07cd0e374c433c2c06d6999dabf9cf9d5d29/VSCodeSetup-x64-1.58.0-insider.exe","bfac07cd0e374c433c2c06d6999dabf9cf9d5d29","1.58.0-insider",1624857140170
"https://az764295.vo.msecnd.net/insider/cc528230987ce3ac61fc4f094ae247d5ff24db3c/VSCodeSetup-x64-1.58.0-insider.exe","cc528230987ce3ac61fc4f094ae247d5ff24db3c","1.58.0-insider",1624947808237
"https://az764295.vo.msecnd.net/insider/57930758db9e2c83f59b9ee1851400bd16192d32/VSCodeSetup-x64-1.58.0-insider.exe","57930758db9e2c83f59b9ee1851400bd16192d32","1.58.0-insider",1625029897278
"https://az764295.vo.msecnd.net/insider/1fc68f3cf274141942b424894645a4f7096ec1f1/VSCodeSetup-x64-1.58.0-insider.exe","1fc68f3cf274141942b424894645a4f7096ec1f1","1.58.0-insider",1625131737067
"https://az764295.vo.msecnd.net/insider/5cb98db286b44e01b792ea3028473007e09f154c/VSCodeSetup-x64-1.58.0-insider.exe","5cb98db286b44e01b792ea3028473007e09f154c","1.58.0-insider",1625202694775
"https://az764295.vo.msecnd.net/insider/062e6519f8973fede2ca736e80682bd19007460a/VSCodeSetup-x64-1.58.0-insider.exe","062e6519f8973fede2ca736e80682bd19007460a","1.58.0-insider",1625217385995
"https://az764295.vo.msecnd.net/insider/9056b400b527c562871093916081c3e6df2691dd/VSCodeSetup-x64-1.58.0-insider.exe","9056b400b527c562871093916081c3e6df2691dd","1.58.0-insider",1625298825191
"https://az764295.vo.msecnd.net/insider/1db97b8c87fb32aa47b58135832733f4950362b4/VSCodeSetup-x64-1.58.0-insider.exe","1db97b8c87fb32aa47b58135832733f4950362b4","1.58.0-insider",1625482830423
"https://az764295.vo.msecnd.net/insider/99c968565a27846c330d3498e178184bcb9dd963/VSCodeSetup-x64-1.58.0-insider.exe","99c968565a27846c330d3498e178184bcb9dd963","1.58.0-insider",1625565509082
"https://az764295.vo.msecnd.net/insider/4c952751a88154ff4c375b1ca78293ab53a5792a/VSCodeSetup-x64-1.58.0-insider.exe","4c952751a88154ff4c375b1ca78293ab53a5792a","1.58.0-insider",1625607419869
"https://az764295.vo.msecnd.net/insider/2d23c42a936db1c7b3b06f918cde29561cc47cd6/VSCodeSetup-x64-1.58.0-insider.exe","2d23c42a936db1c7b3b06f918cde29561cc47cd6","1.58.0-insider",1625659525980
"https://az764295.vo.msecnd.net/insider/87d692b7bf1eb5a663b3e62620a6e7e436e1838c/VSCodeSetup-x64-1.59.0-insider.exe","87d692b7bf1eb5a663b3e62620a6e7e436e1838c","1.59.0-insider",1625807523765
"https://az764295.vo.msecnd.net/insider/a9070718ebb793eef4e94e34307eee15c09a0cd4/VSCodeSetup-x64-1.59.0-insider.exe","a9070718ebb793eef4e94e34307eee15c09a0cd4","1.59.0-insider",1626066677776
"https://az764295.vo.msecnd.net/insider/f6df685c62da50886f7540cbf768ed4333d58bea/VSCodeSetup-x64-1.59.0-insider.exe","f6df685c62da50886f7540cbf768ed4333d58bea","1.59.0-insider",1626153091471
"https://az764295.vo.msecnd.net/insider/807dfb817fef0d0c5729c1924bd4889b04fa405b/VSCodeSetup-x64-1.59.0-insider.exe","807dfb817fef0d0c5729c1924bd4889b04fa405b","1.59.0-insider",1626167021049
"https://az764295.vo.msecnd.net/insider/9520f0a515e7e24802c92f885a0efb242fca3831/VSCodeSetup-x64-1.59.0-insider.exe","9520f0a515e7e24802c92f885a0efb242fca3831","1.59.0-insider",1626239467077
"https://az764295.vo.msecnd.net/insider/50b3811fdc5b5c80ca516a2edfffedcbd464b033/VSCodeSetup-x64-1.59.0-insider.exe","50b3811fdc5b5c80ca516a2edfffedcbd464b033","1.59.0-insider",1626325891358
"https://az764295.vo.msecnd.net/insider/599f5d2c67571f84a045a59eb3423bc254ee87d9/VSCodeSetup-x64-1.59.0-insider.exe","599f5d2c67571f84a045a59eb3423bc254ee87d9","1.59.0-insider",1626429261608
"https://az764295.vo.msecnd.net/insider/d624242076d166bb8ce8b314e8d44b8af6100a3d/VSCodeSetup-x64-1.59.0-insider.exe","d624242076d166bb8ce8b314e8d44b8af6100a3d","1.59.0-insider",1626671501360
"https://az764295.vo.msecnd.net/insider/b805d2e94937976bb17d0439f57fcd3a9d423c31/VSCodeSetup-x64-1.59.0-insider.exe","b805d2e94937976bb17d0439f57fcd3a9d423c31","1.59.0-insider",1626757894150
"https://az764295.vo.msecnd.net/insider/818c6613f765dd54bb29e77b4f7094a37cf67d08/VSCodeSetup-x64-1.59.0-insider.exe","818c6613f765dd54bb29e77b4f7094a37cf67d08","1.59.0-insider",1626844359604
"https://az764295.vo.msecnd.net/insider/e8a59bc6f920e731b47f0bc72263e82aba8b796e/VSCodeSetup-x64-1.59.0-insider.exe","e8a59bc6f920e731b47f0bc72263e82aba8b796e","1.59.0-insider",1626930710829
"https://az764295.vo.msecnd.net/insider/04485223ebc6a075f39966bf9b3e261359ac7818/VSCodeSetup-x64-1.59.0-insider.exe","04485223ebc6a075f39966bf9b3e261359ac7818","1.59.0-insider",1627067944910
"https://az764295.vo.msecnd.net/insider/955a1aca9a2e4473eec4f4bdc70506a3a7c43ca7/VSCodeSetup-x64-1.59.0-insider.exe","955a1aca9a2e4473eec4f4bdc70506a3a7c43ca7","1.59.0-insider",1627276304156
"https://az764295.vo.msecnd.net/insider/c3b4df8f5d9c14aa4cfddb587231d0d52e72e5a2/VSCodeSetup-x64-1.59.0-insider.exe","c3b4df8f5d9c14aa4cfddb587231d0d52e72e5a2","1.59.0-insider",1627398369512
"https://az764295.vo.msecnd.net/insider/e437d424c5e6de97632f5513229c7ebc2cf27a32/VSCodeSetup-x64-1.59.0-insider.exe","e437d424c5e6de97632f5513229c7ebc2cf27a32","1.59.0-insider",1627449076989
"https://az764295.vo.msecnd.net/insider/0f22f2d343e33b03e8033d1083513072f58ece21/VSCodeSetup-x64-1.59.0-insider.exe","0f22f2d343e33b03e8033d1083513072f58ece21","1.59.0-insider",1627535499486
"https://az764295.vo.msecnd.net/insider/104bc571e956e4af623905ef10dfcc8f0fdac625/VSCodeSetup-x64-1.59.0-insider.exe","104bc571e956e4af623905ef10dfcc8f0fdac625","1.59.0-insider",1627651370199
"https://az764295.vo.msecnd.net/insider/ba0df885e9d6b0f0ccf2cc714c3fa31423572205/VSCodeSetup-x64-1.59.0-insider.exe","ba0df885e9d6b0f0ccf2cc714c3fa31423572205","1.59.0-insider",1627692005538
"https://az764295.vo.msecnd.net/insider/cead2f699cd0afb2464d8d3ad975776051583b4f/VSCodeSetup-x64-1.59.0-insider.exe","cead2f699cd0afb2464d8d3ad975776051583b4f","1.59.0-insider",1628005240205
"https://az764295.vo.msecnd.net/insider/8f58c1f457bd2ddf6cf81120c450c783b6e8c01b/VSCodeSetup-x64-1.59.0-insider.exe","8f58c1f457bd2ddf6cf81120c450c783b6e8c01b","1.59.0-insider",1628066304550
"https://az764295.vo.msecnd.net/insider/379476f0e13988d90fab105c5c19e7abc8b1dea8/VSCodeSetup-x64-1.59.0-insider.exe","379476f0e13988d90fab105c5c19e7abc8b1dea8","1.59.0-insider",1628108644080
"https://az764295.vo.msecnd.net/insider/a4eb4d688477fb9f2176bb2ed932b0b1726caed3/VSCodeSetup-x64-1.60.0-insider.exe","a4eb4d688477fb9f2176bb2ed932b0b1726caed3","1.60.0-insider",1628199137039
"https://az764295.vo.msecnd.net/insider/49af1cbe00271ac2ea36cfc5f7352fe31a7b0094/VSCodeSetup-x64-1.60.0-insider.exe","49af1cbe00271ac2ea36cfc5f7352fe31a7b0094","1.60.0-insider",1628231440427
"https://az764295.vo.msecnd.net/insider/1ee61f368ee0570feeb220605578a8768d99e762/VSCodeSetup-x64-1.60.0-insider.exe","1ee61f368ee0570feeb220605578a8768d99e762","1.60.0-insider",1628485915322
"https://az764295.vo.msecnd.net/insider/71b299184f7908491345aec5e231599c3ae8753b/VSCodeSetup-x64-1.60.0-insider.exe","71b299184f7908491345aec5e231599c3ae8753b","1.60.0-insider",1628572346659
"https://az764295.vo.msecnd.net/insider/1c445fe4c7c540d323a206f2f7cb8df9aa99d60e/VSCodeSetup-x64-1.60.0-insider.exe","1c445fe4c7c540d323a206f2f7cb8df9aa99d60e","1.60.0-insider",1628638693083
"https://az764295.vo.msecnd.net/insider/7c25c174726ab969db3f99058cdf24bcfae1cfbe/VSCodeSetup-x64-1.60.0-insider.exe","7c25c174726ab969db3f99058cdf24bcfae1cfbe","1.60.0-insider",1628658725645
"https://az764295.vo.msecnd.net/insider/699084fdb48460c68086b85b5c08f3d39055e772/VSCodeSetup-x64-1.60.0-insider.exe","699084fdb48460c68086b85b5c08f3d39055e772","1.60.0-insider",1628795353947
"https://az764295.vo.msecnd.net/insider/58454f7bec838f79fe2422ab5914419147d82e40/VSCodeSetup-x64-1.60.0-insider.exe","58454f7bec838f79fe2422ab5914419147d82e40","1.60.0-insider",1628831596196
"https://az764295.vo.msecnd.net/insider/9dd4f31a21d63deea5e1fc322cfc802413b31d95/VSCodeSetup-x64-1.60.0-insider.exe","9dd4f31a21d63deea5e1fc322cfc802413b31d95","1.60.0-insider",1629090982229
"https://az764295.vo.msecnd.net/insider/f0913d7718bbc4a805cd3a051335b4df60ca5d77/VSCodeSetup-x64-1.60.0-insider.exe","f0913d7718bbc4a805cd3a051335b4df60ca5d77","1.60.0-insider",1629177141189
"https://az764295.vo.msecnd.net/insider/af770c2dc85ef6835197a8bd7eb416fe0a022c44/VSCodeSetup-x64-1.60.0-insider.exe","af770c2dc85ef6835197a8bd7eb416fe0a022c44","1.60.0-insider",1629226235541
"https://az764295.vo.msecnd.net/insider/0214d59846f265d9e50f53b61e2267407d81cbfb/VSCodeSetup-x64-1.60.0-insider.exe","0214d59846f265d9e50f53b61e2267407d81cbfb","1.60.0-insider",1629263528572
"https://az764295.vo.msecnd.net/insider/c08913337cb8b95493be8e99d62e0b3241563f6b/VSCodeSetup-x64-1.60.0-insider.exe","c08913337cb8b95493be8e99d62e0b3241563f6b","1.60.0-insider",1629350006438
"https://az764295.vo.msecnd.net/insider/89bbd372f459ce72e9c0b60eb3b26b924f64f62d/VSCodeSetup-x64-1.60.0-insider.exe","89bbd372f459ce72e9c0b60eb3b26b924f64f62d","1.60.0-insider",1629481115099
"https://az764295.vo.msecnd.net/insider/44568e5947efa4811419e529e80fb14b7554cf61/VSCodeSetup-x64-1.60.0-insider.exe","44568e5947efa4811419e529e80fb14b7554cf61","1.60.0-insider",1629715262342
"https://az764295.vo.msecnd.net/insider/f4db5eac35995ab23cb563a55a35425de80ff9ce/VSCodeSetup-x64-1.60.0-insider.exe","f4db5eac35995ab23cb563a55a35425de80ff9ce","1.60.0-insider",1629792332582
"https://az764295.vo.msecnd.net/insider/5f19eee5dc9588ca96192f89587b5878b7d7180d/VSCodeSetup-x64-1.60.0-insider.exe","5f19eee5dc9588ca96192f89587b5878b7d7180d","1.60.0-insider",1629828582412
"https://az764295.vo.msecnd.net/insider/e4ac631e9dbf0aa93a4371c4f5f3b8dc43422afb/VSCodeSetup-x64-1.60.0-insider.exe","e4ac631e9dbf0aa93a4371c4f5f3b8dc43422afb","1.60.0-insider",1629884397571
"https://az764295.vo.msecnd.net/insider/b71e20ceba833fcb2efada1a4765929ff96ccbb1/VSCodeSetup-x64-1.60.0-insider.exe","b71e20ceba833fcb2efada1a4765929ff96ccbb1","1.60.0-insider",1629954727939
"https://az764295.vo.msecnd.net/insider/6a2daec767703dad42461333fbf8666aa481a32b/VSCodeSetup-x64-1.60.0-insider.exe","6a2daec767703dad42461333fbf8666aa481a32b","1.60.0-insider",1630053791703
"https://az764295.vo.msecnd.net/insider/8dbad73de575e47e127c8b1a4324f2b61257fbdc/VSCodeSetup-x64-1.60.0-insider.exe","8dbad73de575e47e127c8b1a4324f2b61257fbdc","1.60.0-insider",1630099362666
"https://az764295.vo.msecnd.net/insider/44a4b19a910a287adef4daaeabcf68f2ba893c35/VSCodeSetup-x64-1.60.0-insider.exe","44a4b19a910a287adef4daaeabcf68f2ba893c35","1.60.0-insider",1630323241584
"https://az764295.vo.msecnd.net/insider/efaa9c304bba61bdce8b0d39db5df94ce3a53fb6/VSCodeSetup-x64-1.60.0-insider.exe","efaa9c304bba61bdce8b0d39db5df94ce3a53fb6","1.60.0-insider",1630422245176
"https://az764295.vo.msecnd.net/insider/b6a7847b1d6be302f579ef39d2b9ab891d92eed6/VSCodeSetup-x64-1.60.0-insider.exe","b6a7847b1d6be302f579ef39d2b9ab891d92eed6","1.60.0-insider",1630459961636
"https://az764295.vo.msecnd.net/insider/e7d7e9a9348e6a8cc8c03f877d39cb72e5dfb1ff/VSCodeSetup-x64-1.60.0-insider.exe","e7d7e9a9348e6a8cc8c03f877d39cb72e5dfb1ff","1.60.0-insider",1630492698609
"https://az764295.vo.msecnd.net/insider/aec6ee09fa1021cb59c7f4f4d000b027febc967d/VSCodeSetup-x64-1.61.0-insider.exe","aec6ee09fa1021cb59c7f4f4d000b027febc967d","1.61.0-insider",1630645922033
"https://az764295.vo.msecnd.net/insider/82a3d2645f00c5e9981db96f0cfb02d7cfe16fba/VSCodeSetup-x64-1.61.0-insider.exe","82a3d2645f00c5e9981db96f0cfb02d7cfe16fba","1.61.0-insider",1630696187552
"https://az764295.vo.msecnd.net/insider/87260247dc7b912db6e6a21a366e6f50dca759ba/VSCodeSetup-x64-1.61.0-insider.exe","87260247dc7b912db6e6a21a366e6f50dca759ba","1.61.0-insider",1630702002375
"https://az764295.vo.msecnd.net/insider/a3fce6207d9364afcfccaa55efc82ff8a392fdd5/VSCodeSetup-x64-1.61.0-insider.exe","a3fce6207d9364afcfccaa55efc82ff8a392fdd5","1.61.0-insider",1630915164075
"https://az764295.vo.msecnd.net/insider/bb9491d9f2c65510226dcc920a6efbf6501d5943/VSCodeSetup-x64-1.61.0-insider.exe","bb9491d9f2c65510226dcc920a6efbf6501d5943","1.61.0-insider",1630991554488
"https://az764295.vo.msecnd.net/insider/34861b8c8aa76b517f203743ad5b5d72ef5fcd81/VSCodeSetup-x64-1.61.0-insider.exe","34861b8c8aa76b517f203743ad5b5d72ef5fcd81","1.61.0-insider",1631078007242
"https://az764295.vo.msecnd.net/insider/df115e761ae11cf87ca569ca1824b7257099553a/VSCodeSetup-x64-1.61.0-insider.exe","df115e761ae11cf87ca569ca1824b7257099553a","1.61.0-insider",1631123225418
"https://az764295.vo.msecnd.net/insider/aa93eefe550167de3ca29aaa3d06f721a47594a3/VSCodeSetup-x64-1.61.0-insider.exe","aa93eefe550167de3ca29aaa3d06f721a47594a3","1.61.0-insider",1631164352707
"https://az764295.vo.msecnd.net/insider/0884da1650baa24994d23d2a3742823c1186e526/VSCodeSetup-x64-1.61.0-insider.exe","0884da1650baa24994d23d2a3742823c1186e526","1.61.0-insider",1631260888841
"https://az764295.vo.msecnd.net/insider/23cffa27b806f9e1733e15d611ec251dcdba2c42/VSCodeSetup-x64-1.61.0-insider.exe","23cffa27b806f9e1733e15d611ec251dcdba2c42","1.61.0-insider",1631293298606
"https://az764295.vo.msecnd.net/insider/ec40cbe164c59f3d13b6eff5fc7b0231ec0ab7aa/VSCodeSetup-x64-1.61.0-insider.exe","ec40cbe164c59f3d13b6eff5fc7b0231ec0ab7aa","1.61.0-insider",1631509941045
"https://az764295.vo.msecnd.net/insider/f66a3e06bcb9f000e5dc0ad0040ff9b32fc75c78/VSCodeSetup-x64-1.61.0-insider.exe","f66a3e06bcb9f000e5dc0ad0040ff9b32fc75c78","1.61.0-insider",1631596381893
"https://az764295.vo.msecnd.net/insider/0c83ca1ced83259971d80890d93abbe19cbfc992/VSCodeSetup-x64-1.61.0-insider.exe","0c83ca1ced83259971d80890d93abbe19cbfc992","1.61.0-insider",1631682764029
"https://az764295.vo.msecnd.net/insider/da10782b86bd9d895ccb20be4514b19728036951/VSCodeSetup-x64-1.61.0-insider.exe","da10782b86bd9d895ccb20be4514b19728036951","1.61.0-insider",1631780420941
"https://az764295.vo.msecnd.net/insider/a0af58197e4a1d3e82fbe3048e0549e622d19f4f/VSCodeSetup-x64-1.61.0-insider.exe","a0af58197e4a1d3e82fbe3048e0549e622d19f4f","1.61.0-insider",1631855562402
"https://az764295.vo.msecnd.net/insider/c28c86fcd12e4f8693d6569deadfc740dcf8f55b/VSCodeSetup-x64-1.61.0-insider.exe","c28c86fcd12e4f8693d6569deadfc740dcf8f55b","1.61.0-insider",1632114802097
"https://az764295.vo.msecnd.net/insider/1b9403cd461c9c975bcb9e48d84ba9e4ea86559e/VSCodeSetup-x64-1.61.0-insider.exe","1b9403cd461c9c975bcb9e48d84ba9e4ea86559e","1.61.0-insider",1632214585146
"https://az764295.vo.msecnd.net/insider/8d2a6fa12466c488f732b020298bc836636c5b17/VSCodeSetup-x64-1.61.0-insider.exe","8d2a6fa12466c488f732b020298bc836636c5b17","1.61.0-insider",1632272081695
"https://az764295.vo.msecnd.net/insider/5df296407363de70e9d7b455e1fcb004ceaa6b75/VSCodeSetup-x64-1.61.0-insider.exe","5df296407363de70e9d7b455e1fcb004ceaa6b75","1.61.0-insider",1632312546755
"https://az764295.vo.msecnd.net/insider/53aff5e347865fe22f9487ebd54dec9db23773b2/VSCodeSetup-x64-1.61.0-insider.exe","53aff5e347865fe22f9487ebd54dec9db23773b2","1.61.0-insider",1632404734898
"https://az764295.vo.msecnd.net/insider/8d30d4d922dda917d22f05a81f2ab4fad7349779/VSCodeSetup-x64-1.61.0-insider.exe","8d30d4d922dda917d22f05a81f2ab4fad7349779","1.61.0-insider",1632473752015
"https://az764295.vo.msecnd.net/insider/5991e3c4b97eca5568069bf3e0910ab693ad3549/VSCodeSetup-x64-1.61.0-insider.exe","5991e3c4b97eca5568069bf3e0910ab693ad3549","1.61.0-insider",1632719604266
"https://az764295.vo.msecnd.net/insider/214ac689ca9874a8a4be386f73d5cb60e15af25e/VSCodeSetup-x64-1.61.0-insider.exe","214ac689ca9874a8a4be386f73d5cb60e15af25e","1.61.0-insider",1632805991928
"https://az764295.vo.msecnd.net/insider/4fbe0344a0cedaf2a04edef728c9a3f27777cc6c/VSCodeSetup-x64-1.61.0-insider.exe","4fbe0344a0cedaf2a04edef728c9a3f27777cc6c","1.61.0-insider",1632892673010
"https://az764295.vo.msecnd.net/insider/6fed60f8f4dd21fb16dcbe64a742296b339ff0ee/VSCodeSetup-x64-1.61.0-insider.exe","6fed60f8f4dd21fb16dcbe64a742296b339ff0ee","1.61.0-insider",1632978784264
"https://az764295.vo.msecnd.net/insider/83b7d33abba1fbc9ba6dbf25b53b47821086b22f/VSCodeSetup-x64-1.61.0-insider.exe","83b7d33abba1fbc9ba6dbf25b53b47821086b22f","1.61.0-insider",1633028090318
"https://az764295.vo.msecnd.net/insider/c9e8266ee24f34107ff52d836a4e8f533afb93c5/VSCodeSetup-x64-1.61.0-insider.exe","c9e8266ee24f34107ff52d836a4e8f533afb93c5","1.61.0-insider",1633099330949
"https://az764295.vo.msecnd.net/insider/a4342f3addc29f405a5cb4aab359b0b98223411e/VSCodeSetup-x64-1.61.0-insider.exe","a4342f3addc29f405a5cb4aab359b0b98223411e","1.61.0-insider",1633324349049
"https://az764295.vo.msecnd.net/insider/71ca6e8e74591ae5c577d52a2aa1bd0c3df5ac32/VSCodeSetup-x64-1.61.0-insider.exe","71ca6e8e74591ae5c577d52a2aa1bd0c3df5ac32","1.61.0-insider",1633396967587
"https://az764295.vo.msecnd.net/insider/2dc8b9580809148e312356852affc4b8d4feb7da/VSCodeSetup-x64-1.61.0-insider.exe","2dc8b9580809148e312356852affc4b8d4feb7da","1.61.0-insider",1633508432747
"https://az764295.vo.msecnd.net/insider/0dae77d06e33eaf1616cc1a53d77e717b284a626/VSCodeSetup-x64-1.62.0-insider.exe","0dae77d06e33eaf1616cc1a53d77e717b284a626","1.62.0-insider",1633669981418
"https://az764295.vo.msecnd.net/insider/e96a97448aae1572246bf7c438b7c2ee68a964c0/VSCodeSetup-x64-1.62.0-insider.exe","e96a97448aae1572246bf7c438b7c2ee68a964c0","1.62.0-insider",1633929199023
"https://az764295.vo.msecnd.net/insider/284e0db6c4cac1e557a43cd6691babdaafc2e1a9/VSCodeSetup-x64-1.62.0-insider.exe","284e0db6c4cac1e557a43cd6691babdaafc2e1a9","1.62.0-insider",1634017311470
"https://az764295.vo.msecnd.net/insider/793dc938900e9e36626c7618180081916070c994/VSCodeSetup-x64-1.62.0-insider.exe","793dc938900e9e36626c7618180081916070c994","1.62.0-insider",1634102005641
"https://az764295.vo.msecnd.net/insider/cca2d71a825cf1cdf893d245127fe430f2407249/VSCodeSetup-x64-1.62.0-insider.exe","cca2d71a825cf1cdf893d245127fe430f2407249","1.62.0-insider",1634123743233
"https://az764295.vo.msecnd.net/insider/cad4c193d85f0891204da41c0508de39e7aa38c6/VSCodeSetup-x64-1.62.0-insider.exe","cad4c193d85f0891204da41c0508de39e7aa38c6","1.62.0-insider",1634188422135
"https://az764295.vo.msecnd.net/insider/34eeebdd66033633ac22efd5fab928ae37916168/VSCodeSetup-x64-1.62.0-insider.exe","34eeebdd66033633ac22efd5fab928ae37916168","1.62.0-insider",1634274757529
"https://az764295.vo.msecnd.net/insider/729d81623815a428160b93e930054a1a2a5403ef/VSCodeSetup-x64-1.62.0-insider.exe","729d81623815a428160b93e930054a1a2a5403ef","1.62.0-insider",1634534254569
"https://az764295.vo.msecnd.net/insider/d817eda05fc021eefb82d24e4d95554c043b6ec7/VSCodeSetup-x64-1.62.0-insider.exe","d817eda05fc021eefb82d24e4d95554c043b6ec7","1.62.0-insider",1634620365890
"https://az764295.vo.msecnd.net/insider/bd6e614cda22c947b7c3e1ebef1cc591071731de/VSCodeSetup-x64-1.62.0-insider.exe","bd6e614cda22c947b7c3e1ebef1cc591071731de","1.62.0-insider",1634638066385
"https://az764295.vo.msecnd.net/insider/2ae9352ae33ced58772683b60d961c604c9576ff/VSCodeSetup-x64-1.62.0-insider.exe","2ae9352ae33ced58772683b60d961c604c9576ff","1.62.0-insider",1634706838645
"https://az764295.vo.msecnd.net/insider/97018d742e4ce3dfbcdb0a02c42c16c6c152e4e1/VSCodeSetup-x64-1.62.0-insider.exe","97018d742e4ce3dfbcdb0a02c42c16c6c152e4e1","1.62.0-insider",1634807346310
"https://az764295.vo.msecnd.net/insider/bcb9df5afa52c5b713f62e86dcac2c5050504b5f/VSCodeSetup-x64-1.62.0-insider.exe","bcb9df5afa52c5b713f62e86dcac2c5050504b5f","1.62.0-insider",1634879554339
"https://az764295.vo.msecnd.net/insider/45fdad3a10d437fb0a45cc008eecca7c35021fb2/VSCodeSetup-x64-1.62.0-insider.exe","45fdad3a10d437fb0a45cc008eecca7c35021fb2","1.62.0-insider",1635138720964
"https://az764295.vo.msecnd.net/insider/dc1a6699060423b8c4d2ced736ad70195378fddf/VSCodeSetup-x64-1.62.0-insider.exe","dc1a6699060423b8c4d2ced736ad70195378fddf","1.62.0-insider",1635237904762
"https://az764295.vo.msecnd.net/insider/0f7f6e338a4e86306474d4d01bdea9b8fe798017/VSCodeSetup-x64-1.62.0-insider.exe","0f7f6e338a4e86306474d4d01bdea9b8fe798017","1.62.0-insider",1635311565838
"https://az764295.vo.msecnd.net/insider/f191b9d9fdf4254560103d1c977b3c37b18c6c83/VSCodeSetup-x64-1.62.0-insider.exe","f191b9d9fdf4254560103d1c977b3c37b18c6c83","1.62.0-insider",1635357737995
"https://az764295.vo.msecnd.net/insider/f961b92f0faec5c68124ab4d89922d38cf6f513d/VSCodeSetup-x64-1.62.0-insider.exe","f961b92f0faec5c68124ab4d89922d38cf6f513d","1.62.0-insider",1635397958744
"https://az764295.vo.msecnd.net/insider/ff1e16eebb93af79fd6d7af1356c4003a120c563/VSCodeSetup-x64-1.62.0-insider.exe","ff1e16eebb93af79fd6d7af1356c4003a120c563","1.62.0-insider",1635484375963
"https://az764295.vo.msecnd.net/insider/673165ca934c05d63fcab74bac7c819c32528c64/VSCodeSetup-x64-1.62.0-insider.exe","673165ca934c05d63fcab74bac7c819c32528c64","1.62.0-insider",1635756529497
"https://az764295.vo.msecnd.net/insider/4bbec283c36a51cf80f9b77c7a81c140a76a363b/VSCodeSetup-x64-1.62.0-insider.exe","4bbec283c36a51cf80f9b77c7a81c140a76a363b","1.62.0-insider",1635840995915
"https://az764295.vo.msecnd.net/insider/b3318bc0524af3d74034b8bb8a64df0ccf35549a/VSCodeSetup-x64-1.62.0-insider.exe","b3318bc0524af3d74034b8bb8a64df0ccf35549a","1.62.0-insider",1635945323648
"https://az764295.vo.msecnd.net/insider/552af97a0170b43c9323bec62211feb184da9749/VSCodeSetup-x64-1.63.0-insider.exe","552af97a0170b43c9323bec62211feb184da9749","1.63.0-insider",1636089175566
"https://az764295.vo.msecnd.net/insider/a7104f13ff61bcd9f4c827d8fe3c0d27bb479fd8/VSCodeSetup-x64-1.63.0-insider.exe","a7104f13ff61bcd9f4c827d8fe3c0d27bb479fd8","1.63.0-insider",1636348338996
"https://az764295.vo.msecnd.net/insider/b614fb5db84b3ac07fc3e8b12c69c1dd581924ce/VSCodeSetup-x64-1.63.0-insider.exe","b614fb5db84b3ac07fc3e8b12c69c1dd581924ce","1.63.0-insider",1636434733883
"https://az764295.vo.msecnd.net/insider/93ce4397a2cbc88707c3ed8b34a813b87457568c/VSCodeSetup-x64-1.63.0-insider.exe","93ce4397a2cbc88707c3ed8b34a813b87457568c","1.63.0-insider",1636470306103
"https://az764295.vo.msecnd.net/insider/bef4dba21f68bbdb8d9f08fe04b2e1858597722b/VSCodeSetup-x64-1.63.0-insider.exe","bef4dba21f68bbdb8d9f08fe04b2e1858597722b","1.63.0-insider",1636529895849
"https://az764295.vo.msecnd.net/insider/3a79384dbf81dc6eba781ff669996d2042ca3b72/VSCodeSetup-x64-1.63.0-insider.exe","3a79384dbf81dc6eba781ff669996d2042ca3b72","1.63.0-insider",1636607576934
"https://az764295.vo.msecnd.net/insider/c1096372119bcf83b9bd8ccee96dcf266f35de76/VSCodeSetup-x64-1.63.0-insider.exe","c1096372119bcf83b9bd8ccee96dcf266f35de76","1.63.0-insider",1636636565554
"https://az764295.vo.msecnd.net/insider/3bd29c1d6c6ef5b6265614def99b7257b671ae19/VSCodeSetup-x64-1.63.0-insider.exe","3bd29c1d6c6ef5b6265614def99b7257b671ae19","1.63.0-insider",1636718409040
"https://az764295.vo.msecnd.net/insider/035eaab2cb31798c6ae90a35928c62117cb52fcd/VSCodeSetup-x64-1.63.0-insider.exe","035eaab2cb31798c6ae90a35928c62117cb52fcd","1.63.0-insider",1636953191869
"https://az764295.vo.msecnd.net/insider/6a25ae3a24929f35aabf8a051531c0716032e0a0/VSCodeSetup-x64-1.63.0-insider.exe","6a25ae3a24929f35aabf8a051531c0716032e0a0","1.63.0-insider",1637039515167
"https://az764295.vo.msecnd.net/insider/d450b04c783dfa6f83dc439017767acccd4e9fac/VSCodeSetup-x64-1.63.0-insider.exe","d450b04c783dfa6f83dc439017767acccd4e9fac","1.63.0-insider",1637126239443
"https://az764295.vo.msecnd.net/insider/bedf867b5b02c1c800fbaf4d6ce09cefbafa1592/VSCodeSetup-x64-1.63.0-insider.exe","bedf867b5b02c1c800fbaf4d6ce09cefbafa1592","1.63.0-insider",1637212321024
"https://az764295.vo.msecnd.net/insider/4e303fcc52269ab578affa6cb1eb455eacab445f/VSCodeSetup-x64-1.63.0-insider.exe","4e303fcc52269ab578affa6cb1eb455eacab445f","1.63.0-insider",1637558232593
"https://az764295.vo.msecnd.net/insider/ed3018f4310e906daa0a9119d997e75b8a38b879/VSCodeSetup-x64-1.63.0-insider.exe","ed3018f4310e906daa0a9119d997e75b8a38b879","1.63.0-insider",1637644617314
"https://az764295.vo.msecnd.net/insider/c1f2f40bcd81380bf2e286af64becddada57db88/VSCodeSetup-x64-1.63.0-insider.exe","c1f2f40bcd81380bf2e286af64becddada57db88","1.63.0-insider",1637731180428
"https://az764295.vo.msecnd.net/insider/1e473b624f088fc05269891170a8ffa1c84a35a6/VSCodeSetup-x64-1.63.0-insider.exe","1e473b624f088fc05269891170a8ffa1c84a35a6","1.63.0-insider",1637827054843
"https://az764295.vo.msecnd.net/insider/d18d093403b12a65350c58a7b0d5771cc1f42aba/VSCodeSetup-x64-1.63.0-insider.exe","d18d093403b12a65350c58a7b0d5771cc1f42aba","1.63.0-insider",1637908420287
"https://az764295.vo.msecnd.net/insider/c42793d0357ff9c6589cce79a847177fd42852ee/VSCodeSetup-x64-1.63.0-insider.exe","c42793d0357ff9c6589cce79a847177fd42852ee","1.63.0-insider",1638173154809
"https://az764295.vo.msecnd.net/insider/8c56f0cae849839138fbd83fe4d5c7219c7ff806/VSCodeSetup-x64-1.63.0-insider.exe","8c56f0cae849839138fbd83fe4d5c7219c7ff806","1.63.0-insider",1638207907339
"https://az764295.vo.msecnd.net/insider/b9cf83f70bb6b4697b544a97c7056dfd28fccc5f/VSCodeSetup-x64-1.63.0-insider.exe","b9cf83f70bb6b4697b544a97c7056dfd28fccc5f","1.63.0-insider",1638249136006
"https://az764295.vo.msecnd.net/insider/827f76521d33a61c19e92160649a0a6af8bad132/VSCodeSetup-x64-1.63.0-insider.exe","827f76521d33a61c19e92160649a0a6af8bad132","1.63.0-insider",1638273327898
"https://az764295.vo.msecnd.net/insider/0cc0904c565399781defa830facf43141db8b6f3/VSCodeSetup-x64-1.63.0-insider.exe","0cc0904c565399781defa830facf43141db8b6f3","1.63.0-insider",1638335550489
"https://az764295.vo.msecnd.net/insider/68a1e2f872f8869b004eec284917782474730e0b/VSCodeSetup-x64-1.63.0-insider.exe","68a1e2f872f8869b004eec284917782474730e0b","1.63.0-insider",1638421962547
"https://az764295.vo.msecnd.net/insider/cca3e817a2608225d4ae8715308195c91f765bad/VSCodeSetup-x64-1.63.0-insider.exe","cca3e817a2608225d4ae8715308195c91f765bad","1.63.0-insider",1638508347686
"https://az764295.vo.msecnd.net/insider/d09289a2b6dd0e56b2a264a8e9380685498e10d6/VSCodeSetup-x64-1.63.0-insider.exe","d09289a2b6dd0e56b2a264a8e9380685498e10d6","1.63.0-insider",1638582589879
"https://az764295.vo.msecnd.net/insider/7db1a2b88f7557e0a43fec75b6ba7e50b3e9f77e/VSCodeSetup-x64-1.63.0-insider.exe","7db1a2b88f7557e0a43fec75b6ba7e50b3e9f77e","1.63.0-insider",1638827503805
"https://az764295.vo.msecnd.net/insider/68976705968229accd11fdfe1cba36a908208dc9/VSCodeSetup-x64-1.64.0-insider.exe","68976705968229accd11fdfe1cba36a908208dc9","1.64.0-insider",1639026807381
"https://az764295.vo.msecnd.net/insider/10791447894a9abc9f2ae4927bf92bcf30f3fdef/VSCodeSetup-x64-1.64.0-insider.exe","10791447894a9abc9f2ae4927bf92bcf30f3fdef","1.64.0-insider",1639084955690
"https://az764295.vo.msecnd.net/insider/065b450db9f555f177161748e8f2911ebb5677f9/VSCodeSetup-x64-1.64.0-insider.exe","065b450db9f555f177161748e8f2911ebb5677f9","1.64.0-insider",1639113157068
"https://az764295.vo.msecnd.net/insider/745ef8b8264e12b2a704f6b2b60a2ce2cabfcda3/VSCodeSetup-x64-1.64.0-insider.exe","745ef8b8264e12b2a704f6b2b60a2ce2cabfcda3","1.64.0-insider",1639458809444
"https://az764295.vo.msecnd.net/insider/886fd126446cd4b8b03f2b32f09c173dec541e6d/VSCodeSetup-x64-1.64.0-insider.exe","886fd126446cd4b8b03f2b32f09c173dec541e6d","1.64.0-insider",1639488526542
"https://az764295.vo.msecnd.net/insider/b823936907f86ded04a152a4af202d0fc8423522/VSCodeSetup-x64-1.64.0-insider.exe","b823936907f86ded04a152a4af202d0fc8423522","1.64.0-insider",1639545154809
"https://az764295.vo.msecnd.net/insider/f67a8b753f55e452f38b61497662839c4691fb12/VSCodeSetup-x64-1.64.0-insider.exe","f67a8b753f55e452f38b61497662839c4691fb12","1.64.0-insider",1639631546679
"https://az764295.vo.msecnd.net/insider/d12df34e31b4a018735d312a8947d79331132368/VSCodeSetup-x64-1.64.0-insider.exe","d12df34e31b4a018735d312a8947d79331132368","1.64.0-insider",1639717967378
"https://az764295.vo.msecnd.net/insider/807bf598bea406dcb272a9fced54697986e87768/VSCodeSetup-x64-1.64.0-insider.exe","807bf598bea406dcb272a9fced54697986e87768","1.64.0-insider",1639977215629
"https://az764295.vo.msecnd.net/insider/e8a26d3ebf5095d4324ad4bf794787540ed3b33e/VSCodeSetup-x64-1.64.0-insider.exe","e8a26d3ebf5095d4324ad4bf794787540ed3b33e","1.64.0-insider",1640063559647
"https://az764295.vo.msecnd.net/insider/7b9e5c32a053669d4e72f998e4fa217090c32f59/VSCodeSetup-x64-1.64.0-insider.exe","7b9e5c32a053669d4e72f998e4fa217090c32f59","1.64.0-insider",1640149971863
"https://az764295.vo.msecnd.net/insider/99305570d885bce929ba8f24d90f2c3ee54c5c2f/VSCodeSetup-x64-1.64.0-insider.exe","99305570d885bce929ba8f24d90f2c3ee54c5c2f","1.64.0-insider",1641186884662
"https://az764295.vo.msecnd.net/insider/990ad4044032b05c0ebf0f67f800c5845baad4c7/VSCodeSetup-x64-1.64.0-insider.exe","990ad4044032b05c0ebf0f67f800c5845baad4c7","1.64.0-insider",1641273214055
"https://az764295.vo.msecnd.net/insider/f0054e049cd286ff317c738efe0fd8810b48ae98/VSCodeSetup-x64-1.64.0-insider.exe","f0054e049cd286ff317c738efe0fd8810b48ae98","1.64.0-insider",1641359562635
"https://az764295.vo.msecnd.net/insider/9afbea7caab9dd06592ddd98aa4161b43b126d3f/VSCodeSetup-x64-1.64.0-insider.exe","9afbea7caab9dd06592ddd98aa4161b43b126d3f","1.64.0-insider",1641445998260
"https://az764295.vo.msecnd.net/insider/ea2afbaf90cb6d9672d8a681e90492d23c687064/VSCodeSetup-x64-1.64.0-insider.exe","ea2afbaf90cb6d9672d8a681e90492d23c687064","1.64.0-insider",1641538714425
"https://az764295.vo.msecnd.net/insider/419e16a49c7bffc23b8e5f0f9f35ee34167f20e1/VSCodeSetup-x64-1.64.0-insider.exe","419e16a49c7bffc23b8e5f0f9f35ee34167f20e1","1.64.0-insider",1641548963207
"https://az764295.vo.msecnd.net/insider/a06afb22ce06dbd4f01d3bb5bf946e08bff55180/VSCodeSetup-x64-1.64.0-insider.exe","a06afb22ce06dbd4f01d3bb5bf946e08bff55180","1.64.0-insider",1641791627652
"https://az764295.vo.msecnd.net/insider/fd745e79f5c08e96e6c8a5b7bceaaaa417d098d5/VSCodeSetup-x64-1.64.0-insider.exe","fd745e79f5c08e96e6c8a5b7bceaaaa417d098d5","1.64.0-insider",1641877982180
"https://az764295.vo.msecnd.net/insider/00f1ca47ada2fda8ee1437e17b27af5b4002cecb/VSCodeSetup-x64-1.64.0-insider.exe","00f1ca47ada2fda8ee1437e17b27af5b4002cecb","1.64.0-insider",1641892397639
"https://az764295.vo.msecnd.net/insider/753319a08f8e74700b1dba3a29bf0a6af7c2953f/VSCodeSetup-x64-1.64.0-insider.exe","753319a08f8e74700b1dba3a29bf0a6af7c2953f","1.64.0-insider",1641964455294
"https://az764295.vo.msecnd.net/insider/0e435cf51d0e45293a94466fc3b1299ba70fa9b1/VSCodeSetup-x64-1.64.0-insider.exe","0e435cf51d0e45293a94466fc3b1299ba70fa9b1","1.64.0-insider",1642108763322
"https://az764295.vo.msecnd.net/insider/c6e58d126f6b5676242e32b34180b2a595f29b51/VSCodeSetup-x64-1.64.0-insider.exe","c6e58d126f6b5676242e32b34180b2a595f29b51","1.64.0-insider",1642137330454
"https://az764295.vo.msecnd.net/insider/6612ae0f8b5d9c0d86518ebbd153c724a7cbcf73/VSCodeSetup-x64-1.64.0-insider.exe","6612ae0f8b5d9c0d86518ebbd153c724a7cbcf73","1.64.0-insider",1642396436948
"https://az764295.vo.msecnd.net/insider/7ae7f9d40b82a0f1a49d8ad180d27e16812ad95e/VSCodeSetup-x64-1.64.0-insider.exe","7ae7f9d40b82a0f1a49d8ad180d27e16812ad95e","1.64.0-insider",1642482763194
"https://az764295.vo.msecnd.net/insider/23aa7ad51c95d90d48b1d352a316d7f0c2c4310d/VSCodeSetup-x64-1.64.0-insider.exe","23aa7ad51c95d90d48b1d352a316d7f0c2c4310d","1.64.0-insider",1642498960026
"https://az764295.vo.msecnd.net/insider/16856037e075275f53b25b7e2dec2303e8e25728/VSCodeSetup-x64-1.64.0-insider.exe","16856037e075275f53b25b7e2dec2303e8e25728","1.64.0-insider",1642569220224
"https://az764295.vo.msecnd.net/insider/0c6d1e9f7ef648cfa50733abb62388bc0791856a/VSCodeSetup-x64-1.64.0-insider.exe","0c6d1e9f7ef648cfa50733abb62388bc0791856a","1.64.0-insider",1642660090608
"https://az764295.vo.msecnd.net/insider/be7ec0fed2492d17984ab4e3764fe3f685e6ddc4/VSCodeSetup-x64-1.64.0-insider.exe","be7ec0fed2492d17984ab4e3764fe3f685e6ddc4","1.64.0-insider",1642742043960
"https://az764295.vo.msecnd.net/insider/23664355e61f3fb614932a5cb16613b4d987cfb7/VSCodeSetup-x64-1.64.0-insider.exe","23664355e61f3fb614932a5cb16613b4d987cfb7","1.64.0-insider",1642771371264
"https://az764295.vo.msecnd.net/insider/2c967bf892d52550fabae08347faae57a4539b03/VSCodeSetup-x64-1.64.0-insider.exe","2c967bf892d52550fabae08347faae57a4539b03","1.64.0-insider",1643001188630
"https://az764295.vo.msecnd.net/insider/9403de257a9ec7b0cea29e12530d6a6b448c38cc/VSCodeSetup-x64-1.64.0-insider.exe","9403de257a9ec7b0cea29e12530d6a6b448c38cc","1.64.0-insider",1643087624395
"https://az764295.vo.msecnd.net/insider/f93c69659de1a1466bd15e0f1c9f790e73be9208/VSCodeSetup-x64-1.64.0-insider.exe","f93c69659de1a1466bd15e0f1c9f790e73be9208","1.64.0-insider",1643099929373
"https://az764295.vo.msecnd.net/insider/45060913204279d4ecfe0575ca69d68211fb3798/VSCodeSetup-x64-1.64.0-insider.exe","45060913204279d4ecfe0575ca69d68211fb3798","1.64.0-insider",1643174007047
"https://az764295.vo.msecnd.net/insider/3dda6ea7acb66ea8693032fe9631ccac629da770/VSCodeSetup-x64-1.64.0-insider.exe","3dda6ea7acb66ea8693032fe9631ccac629da770","1.64.0-insider",1643260364070
"https://az764295.vo.msecnd.net/insider/4af3e141defad7b6b96aa1e831f4b50f78abbe6d/VSCodeSetup-x64-1.64.0-insider.exe","4af3e141defad7b6b96aa1e831f4b50f78abbe6d","1.64.0-insider",1643346795560
"https://az764295.vo.msecnd.net/insider/b8178e3e2f3f620ebdd31dfbfba937ff1b12ee04/VSCodeSetup-x64-1.64.0-insider.exe","b8178e3e2f3f620ebdd31dfbfba937ff1b12ee04","1.64.0-insider",1643364839857
"https://az764295.vo.msecnd.net/insider/a853936292178200eb58c2a9904d7a7dcf98cce8/VSCodeSetup-x64-1.64.0-insider.exe","a853936292178200eb58c2a9904d7a7dcf98cce8","1.64.0-insider",1643573064206
"https://az764295.vo.msecnd.net/insider/61b42a3bf8b6acd6e4ad0316bce60447e48632e0/VSCodeSetup-x64-1.64.0-insider.exe","61b42a3bf8b6acd6e4ad0316bce60447e48632e0","1.64.0-insider",1643664057645
"https://az764295.vo.msecnd.net/insider/96e996a75c09e5947c151f8b978bdc9496b81aea/VSCodeSetup-x64-1.64.0-insider.exe","96e996a75c09e5947c151f8b978bdc9496b81aea","1.64.0-insider",1643709944295
"https://az764295.vo.msecnd.net/insider/4ccfe1100c3c5625804dbc20afd15ba311487883/VSCodeSetup-x64-1.64.0-insider.exe","4ccfe1100c3c5625804dbc20afd15ba311487883","1.64.0-insider",1643770869705
"https://az764295.vo.msecnd.net/insider/5554b12acf27056905806867f251c859323ff7e9/VSCodeSetup-x64-1.64.0-insider.exe","5554b12acf27056905806867f251c859323ff7e9","1.64.0-insider",1643821939796
"https://az764295.vo.msecnd.net/insider/921264bfe3ffbbfe5ec8c4b08214b88e2148fa3e/VSCodeSetup-x64-1.65.0-insider.exe","921264bfe3ffbbfe5ec8c4b08214b88e2148fa3e","1.65.0-insider",1643951618802
"https://az764295.vo.msecnd.net/insider/62de8dc3f78b8bef1eb62deeb093164a8d76c254/VSCodeSetup-x64-1.65.0-insider.exe","62de8dc3f78b8bef1eb62deeb093164a8d76c254","1.65.0-insider",1643974449736
"https://az764295.vo.msecnd.net/insider/97c1e76d668d23d568044feb31083407f4c4b1ed/VSCodeSetup-x64-1.65.0-insider.exe","97c1e76d668d23d568044feb31083407f4c4b1ed","1.65.0-insider",1644223982104
"https://az764295.vo.msecnd.net/insider/0283cec6ec2c2d5ec39006a1048b8dc3ea8bc955/VSCodeSetup-x64-1.65.0-insider.exe","0283cec6ec2c2d5ec39006a1048b8dc3ea8bc955","1.65.0-insider",1644297210113
"https://az764295.vo.msecnd.net/insider/f8c36556a2c305327f5417dc7f93220f39ed608f/VSCodeSetup-x64-1.65.0-insider.exe","f8c36556a2c305327f5417dc7f93220f39ed608f","1.65.0-insider",1644313867685
"https://az764295.vo.msecnd.net/insider/2d8e93571421d69616e0ed7d7958e32abaf8d7d3/VSCodeSetup-x64-1.65.0-insider.exe","2d8e93571421d69616e0ed7d7958e32abaf8d7d3","1.65.0-insider",1644356885292
"https://az764295.vo.msecnd.net/insider/d09aeab62c1f93acf4a89b93e9a8a82419d6249a/VSCodeSetup-x64-1.65.0-insider.exe","d09aeab62c1f93acf4a89b93e9a8a82419d6249a","1.65.0-insider",1644383791004
"https://az764295.vo.msecnd.net/insider/1aa9684ba81ae56b340981411a3deaf19544bafa/VSCodeSetup-x64-1.65.0-insider.exe","1aa9684ba81ae56b340981411a3deaf19544bafa","1.65.0-insider",1644461667986
"https://az764295.vo.msecnd.net/insider/82a8bec63666b0883d9bf762ee2aaa87e9be9a3a/VSCodeSetup-x64-1.65.0-insider.exe","82a8bec63666b0883d9bf762ee2aaa87e9be9a3a","1.65.0-insider",1644470186570
"https://az764295.vo.msecnd.net/insider/bb221a61d29deabd99ee9431736d04f2175cb596/VSCodeSetup-x64-1.65.0-insider.exe","bb221a61d29deabd99ee9431736d04f2175cb596","1.65.0-insider",1644556674529
"https://az764295.vo.msecnd.net/insider/50089c3f92c17584a4aca179f51f220b56c22020/VSCodeSetup-x64-1.65.0-insider.exe","50089c3f92c17584a4aca179f51f220b56c22020","1.65.0-insider",1644815872981
"https://az764295.vo.msecnd.net/insider/52e65499654de7525e30df3a8228b69320796bf5/VSCodeSetup-x64-1.65.0-insider.exe","52e65499654de7525e30df3a8228b69320796bf5","1.65.0-insider",1644988521249
"https://az764295.vo.msecnd.net/insider/86200d542474b26aa28034e0fd5789c45c747d8b/VSCodeSetup-x64-1.65.0-insider.exe","86200d542474b26aa28034e0fd5789c45c747d8b","1.65.0-insider",1645082251880
"https://az764295.vo.msecnd.net/insider/1d618b2df1cf08f0e3ab706353f0a8f6f1424795/VSCodeSetup-x64-1.65.0-insider.exe","1d618b2df1cf08f0e3ab706353f0a8f6f1424795","1.65.0-insider",1645161264130
"https://az764295.vo.msecnd.net/insider/a0da9978b10ae0b9307c7f545b50a8500efff7eb/VSCodeSetup-x64-1.65.0-insider.exe","a0da9978b10ae0b9307c7f545b50a8500efff7eb","1.65.0-insider",1645420553614
"https://az764295.vo.msecnd.net/insider/29f707c1f0dc0df76a98390eacbca440507866c0/VSCodeSetup-x64-1.65.0-insider.exe","29f707c1f0dc0df76a98390eacbca440507866c0","1.65.0-insider",1645506934781
"https://az764295.vo.msecnd.net/insider/eeeab304b9ac777b4a8dddf55f66ffebd9e4e7f2/VSCodeSetup-x64-1.65.0-insider.exe","eeeab304b9ac777b4a8dddf55f66ffebd9e4e7f2","1.65.0-insider",1645540196152
"https://az764295.vo.msecnd.net/insider/32456dc9e7d3194a94dd3ee0322ccf47e461d09c/VSCodeSetup-x64-1.65.0-insider.exe","32456dc9e7d3194a94dd3ee0322ccf47e461d09c","1.65.0-insider",1645593320890
"https://az764295.vo.msecnd.net/insider/3112460dc48ce7e557ea9feeaae04b912164b48b/VSCodeSetup-x64-1.65.0-insider.exe","3112460dc48ce7e557ea9feeaae04b912164b48b","1.65.0-insider",1645679758471
"https://az764295.vo.msecnd.net/insider/8440b8f47231147823ba9696913d642e5f2d9d58/VSCodeSetup-x64-1.65.0-insider.exe","8440b8f47231147823ba9696913d642e5f2d9d58","1.65.0-insider",1645766297194
"https://az764295.vo.msecnd.net/insider/b7730c807c1e0fdacdcc91a854bb963715b2a89b/VSCodeSetup-x64-1.65.0-insider.exe","b7730c807c1e0fdacdcc91a854bb963715b2a89b","1.65.0-insider",1646059237012
"https://az764295.vo.msecnd.net/insider/b5205cc8eb4fbaa726835538cd82372cc0222d43/VSCodeSetup-x64-1.65.0-insider.exe","b5205cc8eb4fbaa726835538cd82372cc0222d43","1.65.0-insider",1646190949241
"https://az764295.vo.msecnd.net/insider/6dca4c1a1f7bb3529074601eb32938526fa9ecc7/VSCodeSetup-x64-1.66.0-insider.exe","6dca4c1a1f7bb3529074601eb32938526fa9ecc7","1.66.0-insider",1646370987237
"https://az764295.vo.msecnd.net/insider/e80a0ca648fe9bef07070e4f7fb04e67f2243252/VSCodeSetup-x64-1.66.0-insider.exe","e80a0ca648fe9bef07070e4f7fb04e67f2243252","1.66.0-insider",1646630243703
"https://az764295.vo.msecnd.net/insider/45b4204501ac1f50b6231af3c996d35f86359ecd/VSCodeSetup-x64-1.66.0-insider.exe","45b4204501ac1f50b6231af3c996d35f86359ecd","1.66.0-insider",1646716649751
"https://az764295.vo.msecnd.net/insider/92f4bd7894c3b790d37b1eec3c7fb5e5f8618f70/VSCodeSetup-x64-1.66.0-insider.exe","92f4bd7894c3b790d37b1eec3c7fb5e5f8618f70","1.66.0-insider",1646751343945
"https://az764295.vo.msecnd.net/insider/f407da25ec62fc82d8f038eb4ae0df1fe8ff246a/VSCodeSetup-x64-1.66.0-insider.exe","f407da25ec62fc82d8f038eb4ae0df1fe8ff246a","1.66.0-insider",1646889474440
"https://az764295.vo.msecnd.net/insider/6b7453421201c888b81eae5c04ec822a6423608f/VSCodeSetup-x64-1.66.0-insider.exe","6b7453421201c888b81eae5c04ec822a6423608f","1.66.0-insider",1646975771032
"https://az764295.vo.msecnd.net/insider/3e5c7e2c570a729e664253baceaf443b69e82da6/VSCodeSetup-x64-1.66.0-insider.exe","3e5c7e2c570a729e664253baceaf443b69e82da6","1.66.0-insider",1647234951346
"https://az764295.vo.msecnd.net/insider/79d9bb8754331225372e892393619d4072474a19/VSCodeSetup-x64-1.66.0-insider.exe","79d9bb8754331225372e892393619d4072474a19","1.66.0-insider",1647321283505
"https://az764295.vo.msecnd.net/insider/6fa3243d3facbbf8b87222bcf4e81c5eddf5d47f/VSCodeSetup-x64-1.66.0-insider.exe","6fa3243d3facbbf8b87222bcf4e81c5eddf5d47f","1.66.0-insider",1647407957522
"https://az764295.vo.msecnd.net/insider/db0525ff4ba814780e901a5b9e399aaf596b9b20/VSCodeSetup-x64-1.66.0-insider.exe","db0525ff4ba814780e901a5b9e399aaf596b9b20","1.66.0-insider",1647494210344
"https://az764295.vo.msecnd.net/insider/d572d6e9d1282b352227916cb8f95bb2b03ddcaa/VSCodeSetup-x64-1.66.0-insider.exe","d572d6e9d1282b352227916cb8f95bb2b03ddcaa","1.66.0-insider",1647580445458
"https://az764295.vo.msecnd.net/insider/eaa2b431ac259fddf5aa11aa53060a9b70068b29/VSCodeSetup-x64-1.66.0-insider.exe","eaa2b431ac259fddf5aa11aa53060a9b70068b29","1.66.0-insider",1647847230542
"https://az764295.vo.msecnd.net/insider/b0966eddca8cc86d3051213b6bf8327ef67ecf6d/VSCodeSetup-x64-1.66.0-insider.exe","b0966eddca8cc86d3051213b6bf8327ef67ecf6d","1.66.0-insider",1647934326914
"https://az764295.vo.msecnd.net/insider/2eebd2a0159af379057a58c8bcb519f95bfd6328/VSCodeSetup-x64-1.66.0-insider.exe","2eebd2a0159af379057a58c8bcb519f95bfd6328","1.66.0-insider",1648012419503
"https://az764295.vo.msecnd.net/insider/c5dece632b4b1ea98db872e1edcfc92994503274/VSCodeSetup-x64-1.66.0-insider.exe","c5dece632b4b1ea98db872e1edcfc92994503274","1.66.0-insider",1648134346523
"https://az764295.vo.msecnd.net/insider/616cad0638d0c6d436abcf42fb85a8e333b7d705/VSCodeSetup-x64-1.66.0-insider.exe","616cad0638d0c6d436abcf42fb85a8e333b7d705","1.66.0-insider",1648196767030
"https://az764295.vo.msecnd.net/insider/c63ed49b4b164210301f4f8a09079aa4de53b870/VSCodeSetup-x64-1.66.0-insider.exe","c63ed49b4b164210301f4f8a09079aa4de53b870","1.66.0-insider",1648218693158
"https://az764295.vo.msecnd.net/insider/10dc49b279e2f8ab0194a0e831ade4ea773b8a55/VSCodeSetup-x64-1.66.0-insider.exe","10dc49b279e2f8ab0194a0e831ade4ea773b8a55","1.66.0-insider",1648383943157
"https://az764295.vo.msecnd.net/insider/45999664ef626d6d665cb585104efdcab383a3cd/VSCodeSetup-x64-1.66.0-insider.exe","45999664ef626d6d665cb585104efdcab383a3cd","1.66.0-insider",1648453828618
"https://az764295.vo.msecnd.net/insider/521a3d858570ebc9ce9d5602802f4525a02e045c/VSCodeSetup-x64-1.66.0-insider.exe","521a3d858570ebc9ce9d5602802f4525a02e045c","1.66.0-insider",1648539185345
"https://az764295.vo.msecnd.net/insider/95e8ecaa65bf2d790a4e3b586e843435fc5c0f77/VSCodeSetup-x64-1.67.0-insider.exe","95e8ecaa65bf2d790a4e3b586e843435fc5c0f77","1.67.0-insider",1648703992218
"https://az764295.vo.msecnd.net/insider/909602cf04e0fa42528d692676d0d4e15e67bba2/VSCodeSetup-x64-1.67.0-insider.exe","909602cf04e0fa42528d692676d0d4e15e67bba2","1.67.0-insider",1648724609571
"https://az764295.vo.msecnd.net/insider/8b7086afdbfd42bf6e7b8c0bb586530bf7cf1396/VSCodeSetup-x64-1.67.0-insider.exe","8b7086afdbfd42bf6e7b8c0bb586530bf7cf1396","1.67.0-insider",1648790306462
"https://az764295.vo.msecnd.net/insider/5467c8c4413be3a69960fe418d2c345bfbdf2b55/VSCodeSetup-x64-1.67.0-insider.exe","5467c8c4413be3a69960fe418d2c345bfbdf2b55","1.67.0-insider",1649049282152
"https://az764295.vo.msecnd.net/insider/345f572e37ca69dc143c9fecb5f851fba9fcce8c/VSCodeSetup-x64-1.67.0-insider.exe","345f572e37ca69dc143c9fecb5f851fba9fcce8c","1.67.0-insider",1649155231524
"https://az764295.vo.msecnd.net/insider/f050b17dacedba13962244b13c70084a473d08f7/VSCodeSetup-x64-1.67.0-insider.exe","f050b17dacedba13962244b13c70084a473d08f7","1.67.0-insider",1649222201441
"https://az764295.vo.msecnd.net/insider/a3d53f76790d8c88f835afe85225ff6442703409/VSCodeSetup-x64-1.67.0-insider.exe","a3d53f76790d8c88f835afe85225ff6442703409","1.67.0-insider",1649308592909
"https://az764295.vo.msecnd.net/insider/6ea335e334b90a9aca753d558dec1d14741eff1e/VSCodeSetup-x64-1.67.0-insider.exe","6ea335e334b90a9aca753d558dec1d14741eff1e","1.67.0-insider",1649395288522
"https://az764295.vo.msecnd.net/insider/b84feecf9231d404a766e251f8a37c730089511b/VSCodeSetup-x64-1.67.0-insider.exe","b84feecf9231d404a766e251f8a37c730089511b","1.67.0-insider",1649654213429
"https://az764295.vo.msecnd.net/insider/fcaeb69ec8e96057423f7dadd52e116e29b80cae/VSCodeSetup-x64-1.67.0-insider.exe","fcaeb69ec8e96057423f7dadd52e116e29b80cae","1.67.0-insider",1649740696185
"https://az764295.vo.msecnd.net/insider/27dd7b41b6a830d5ea8eb896d5b2bb9c4bcd95ee/VSCodeSetup-x64-1.67.0-insider.exe","27dd7b41b6a830d5ea8eb896d5b2bb9c4bcd95ee","1.67.0-insider",1649788839280
"https://az764295.vo.msecnd.net/insider/e3f21a18e2727ac37c78159ba81f2c6ee4a982cc/VSCodeSetup-x64-1.67.0-insider.exe","e3f21a18e2727ac37c78159ba81f2c6ee4a982cc","1.67.0-insider",1649827027302
"https://az764295.vo.msecnd.net/insider/a7a7f209ade96c516ce3cd9b330aa8c3db816223/VSCodeSetup-x64-1.67.0-insider.exe","a7a7f209ade96c516ce3cd9b330aa8c3db816223","1.67.0-insider",1649913382008
"https://az764295.vo.msecnd.net/insider/a9288be67bab4e9c4dbe62207f01fafc2bdaadcb/VSCodeSetup-x64-1.67.0-insider.exe","a9288be67bab4e9c4dbe62207f01fafc2bdaadcb","1.67.0-insider",1649999901779
"https://az764295.vo.msecnd.net/insider/e6d98a13fcd3bf928d0e755eaae873ac200a98bd/VSCodeSetup-x64-1.67.0-insider.exe","e6d98a13fcd3bf928d0e755eaae873ac200a98bd","1.67.0-insider",1650259340085
"https://az764295.vo.msecnd.net/insider/e7c6ad74aff28965d0189ca1dd584f5e9829cf06/VSCodeSetup-x64-1.67.0-insider.exe","e7c6ad74aff28965d0189ca1dd584f5e9829cf06","1.67.0-insider",1650345537320
"https://az764295.vo.msecnd.net/insider/bd95a8d4516d590256eefecfce465a2f10e8f5e5/VSCodeSetup-x64-1.67.0-insider.exe","bd95a8d4516d590256eefecfce465a2f10e8f5e5","1.67.0-insider",1650518257413
"https://az764295.vo.msecnd.net/insider/72b4be55fad0d41092d7df8e03b5597c715fd2e2/VSCodeSetup-x64-1.67.0-insider.exe","72b4be55fad0d41092d7df8e03b5597c715fd2e2","1.67.0-insider",1650608957432
"https://az764295.vo.msecnd.net/insider/6f26fa19db7e4cd2af57f52fd7009e715c3d7aab/VSCodeSetup-x64-1.67.0-insider.exe","6f26fa19db7e4cd2af57f52fd7009e715c3d7aab","1.67.0-insider",1650863837342
"https://az764295.vo.msecnd.net/insider/ab86e0229d6b4d0cb49cfd6747c92cafcd2bd4af/VSCodeSetup-x64-1.67.0-insider.exe","ab86e0229d6b4d0cb49cfd6747c92cafcd2bd4af","1.67.0-insider",1650950201830
"https://az764295.vo.msecnd.net/insider/410fe0fc7890ef563830bb86cbcd763995bfc65f/VSCodeSetup-x64-1.67.0-insider.exe","410fe0fc7890ef563830bb86cbcd763995bfc65f","1.67.0-insider",1651036620426
"https://az764295.vo.msecnd.net/insider/7fc8af4e2d8f50a3950b809b9beab86fa5135f29/VSCodeSetup-x64-1.67.0-insider.exe","7fc8af4e2d8f50a3950b809b9beab86fa5135f29","1.67.0-insider",1651123086912
"https://az764295.vo.msecnd.net/insider/8632e9c4096eab5773958b9fb3f45f92efba74a8/VSCodeSetup-x64-1.67.0-insider.exe","8632e9c4096eab5773958b9fb3f45f92efba74a8","1.67.0-insider",1651209359180
"https://az764295.vo.msecnd.net/insider/ed2619e11b68bec43b788486230b0c2afeb4672d/VSCodeSetup-x64-1.67.0-insider.exe","ed2619e11b68bec43b788486230b0c2afeb4672d","1.67.0-insider",1651273931547
"https://az764295.vo.msecnd.net/insider/d31c2035e4444d7ecc6b04efc0759ad99fb9242d/VSCodeSetup-x64-1.67.0-insider.exe","d31c2035e4444d7ecc6b04efc0759ad99fb9242d","1.67.0-insider",1651536482823
"https://az764295.vo.msecnd.net/insider/7295846887c3a4bf911ba2bd1e64971321cbbb07/VSCodeSetup-x64-1.67.0-insider.exe","7295846887c3a4bf911ba2bd1e64971321cbbb07","1.67.0-insider",1651581549557
"https://az764295.vo.msecnd.net/insider/3159d61ccf5150764f7742f098d76872e3114dcb/VSCodeSetup-x64-1.67.0-insider.exe","3159d61ccf5150764f7742f098d76872e3114dcb","1.67.0-insider",1651622790495
"https://az764295.vo.msecnd.net/insider/57fd6d0195bb9b9d1b49f6da5db789060795de47/VSCodeSetup-x64-1.67.0-insider.exe","57fd6d0195bb9b9d1b49f6da5db789060795de47","1.67.0-insider",1651666002132
"https://az764295.vo.msecnd.net/insider/42b1f560e3badc792056a1021094fbf859588d8d/VSCodeSetup-x64-1.68.0-insider.exe","42b1f560e3badc792056a1021094fbf859588d8d","1.68.0-insider",1652098964276
"https://az764295.vo.msecnd.net/insider/dcf27391b7dd7c1cece483806af75b4f87188e70/VSCodeSetup-x64-1.68.0-insider.exe","dcf27391b7dd7c1cece483806af75b4f87188e70","1.68.0-insider",1652159877319
"https://az764295.vo.msecnd.net/insider/ba8ced85c51569bbc2c51a24398c15ed6b61d8d3/VSCodeSetup-x64-1.68.0-insider.exe","ba8ced85c51569bbc2c51a24398c15ed6b61d8d3","1.68.0-insider",1652226771684
"https://az764295.vo.msecnd.net/insider/8c882677f947ef7ec748e7f031c7b5470aaf9be1/VSCodeSetup-x64-1.68.0-insider.exe","8c882677f947ef7ec748e7f031c7b5470aaf9be1","1.68.0-insider",1652246314735
"https://az764295.vo.msecnd.net/insider/624bbc4fb966bfa34e9486e320a64a138ac337fd/VSCodeSetup-x64-1.68.0-insider.exe","624bbc4fb966bfa34e9486e320a64a138ac337fd","1.68.0-insider",1652332915964
"https://az764295.vo.msecnd.net/insider/113287ccc3be52dc3409d451a9b3416d133dca1a/VSCodeSetup-x64-1.68.0-insider.exe","113287ccc3be52dc3409d451a9b3416d133dca1a","1.68.0-insider",1652419020538
"https://az764295.vo.msecnd.net/insider/9c29becfad5f68270b9b23efeafb147722c5feba/VSCodeSetup-x64-1.68.0-insider.exe","9c29becfad5f68270b9b23efeafb147722c5feba","1.68.0-insider",1652462468910
"https://az764295.vo.msecnd.net/insider/c23f0305dbf82b2319b198f4dbf3c5d5bc522f15/VSCodeSetup-x64-1.68.0-insider.exe","c23f0305dbf82b2319b198f4dbf3c5d5bc522f15","1.68.0-insider",1652678198922
"https://az764295.vo.msecnd.net/insider/5f3e9c120a4407de3e55465588ce788618526eb0/VSCodeSetup-x64-1.68.0-insider.exe","5f3e9c120a4407de3e55465588ce788618526eb0","1.68.0-insider",1652764705961
"https://az764295.vo.msecnd.net/insider/688c80245936b49b7ceca494d9edfe97cae06f8a/VSCodeSetup-x64-1.68.0-insider.exe","688c80245936b49b7ceca494d9edfe97cae06f8a","1.68.0-insider",1652850982008
"https://az764295.vo.msecnd.net/insider/ba2dd825803b5f95d5dcce927afc3a4882ed0f84/VSCodeSetup-x64-1.68.0-insider.exe","ba2dd825803b5f95d5dcce927afc3a4882ed0f84","1.68.0-insider",1652937421475
"https://az764295.vo.msecnd.net/insider/17c75e11805103026b943c8dc4d50a35f245f76f/VSCodeSetup-x64-1.68.0-insider.exe","17c75e11805103026b943c8dc4d50a35f245f76f","1.68.0-insider",1653023820488
"https://az764295.vo.msecnd.net/insider/c0769274fa136b45799edeccc0d0a2f645b75caf/VSCodeSetup-x64-1.68.0-insider.exe","c0769274fa136b45799edeccc0d0a2f645b75caf","1.68.0-insider",1653283074188
"https://az764295.vo.msecnd.net/insider/27ea5e48aef2a62b76ab170026ade228ded8abdf/VSCodeSetup-x64-1.68.0-insider.exe","27ea5e48aef2a62b76ab170026ade228ded8abdf","1.68.0-insider",1653369594946
"https://az764295.vo.msecnd.net/insider/d891b49fc0f8fc5e00591657ca225975952b09ca/VSCodeSetup-x64-1.68.0-insider.exe","d891b49fc0f8fc5e00591657ca225975952b09ca","1.68.0-insider",1653455845041
"https://az764295.vo.msecnd.net/insider/528ee1ae3daabe30c1307cf9dcd6e77eb96094bc/VSCodeSetup-x64-1.68.0-insider.exe","528ee1ae3daabe30c1307cf9dcd6e77eb96094bc","1.68.0-insider",1653542253403
"https://az764295.vo.msecnd.net/insider/6428d0fc7dae5801cdaf2d160ac39a3dfc8f0c06/VSCodeSetup-x64-1.68.0-insider.exe","6428d0fc7dae5801cdaf2d160ac39a3dfc8f0c06","1.68.0-insider",1653628877057
"https://az764295.vo.msecnd.net/insider/88d9a0848c3097cb197bee35862dd174f3966fc4/VSCodeSetup-x64-1.68.0-insider.exe","88d9a0848c3097cb197bee35862dd174f3966fc4","1.68.0-insider",1653887980041
"https://az764295.vo.msecnd.net/insider/acb156d6fb0dc451f427748d5f68774f17cc96fd/VSCodeSetup-x64-1.68.0-insider.exe","acb156d6fb0dc451f427748d5f68774f17cc96fd","1.68.0-insider",1653974409072
"https://az764295.vo.msecnd.net/insider/4589815e4849499c67125ff68563fa102646b869/VSCodeSetup-x64-1.68.0-insider.exe","4589815e4849499c67125ff68563fa102646b869","1.68.0-insider",1654060512596
"https://az764295.vo.msecnd.net/insider/15253f1528573fc8f84e956b21af4bad57f38c07/VSCodeSetup-x64-1.68.0-insider.exe","15253f1528573fc8f84e956b21af4bad57f38c07","1.68.0-insider",1654146922243
"https://az764295.vo.msecnd.net/insider/40840d1d58f4a84b0b3cb6ab5433124274bf3ca1/VSCodeSetup-x64-1.68.0-insider.exe","40840d1d58f4a84b0b3cb6ab5433124274bf3ca1","1.68.0-insider",1654233234897
"https://az764295.vo.msecnd.net/insider/dad162f8f376537aacd2e6fab65a4ea28fe65176/VSCodeSetup-x64-1.68.0-insider.exe","dad162f8f376537aacd2e6fab65a4ea28fe65176","1.68.0-insider",1654263034144
"https://az764295.vo.msecnd.net/insider/2260d7cca34384a2838c728850afdd38113ddb47/VSCodeSetup-x64-1.68.0-insider.exe","2260d7cca34384a2838c728850afdd38113ddb47","1.68.0-insider",1654302202967
"https://az764295.vo.msecnd.net/insider/87630a9122f88f5062fe9964839a92116c274a86/VSCodeSetup-x64-1.68.0-insider.exe","87630a9122f88f5062fe9964839a92116c274a86","1.68.0-insider",1654535357018
"https://az764295.vo.msecnd.net/insider/b7faf235467dd56e4a62e52e7f1cacf875b67261/VSCodeSetup-x64-1.68.0-insider.exe","b7faf235467dd56e4a62e52e7f1cacf875b67261","1.68.0-insider",1654626818164
"https://az764295.vo.msecnd.net/insider/4af164ea3a06f701fe3e89a2bcbb421d2026b68f/VSCodeSetup-x64-1.68.0-insider.exe","4af164ea3a06f701fe3e89a2bcbb421d2026b68f","1.68.0-insider",1654688382954
"https://az764295.vo.msecnd.net/insider/ab6ba241145bb81c8bc0f323453bbec45fd66109/VSCodeSetup-x64-1.69.0-insider.exe","ab6ba241145bb81c8bc0f323453bbec45fd66109","1.69.0-insider",1654838278379
"https://az764295.vo.msecnd.net/insider/53130238b422606ffcd616126fb8c6c81c6e4436/VSCodeSetup-x64-1.69.0-insider.exe","53130238b422606ffcd616126fb8c6c81c6e4436","1.69.0-insider",1655119524487
"https://az764295.vo.msecnd.net/insider/ca8a8376b46b63db7379cbcc827c75d92bf25e14/VSCodeSetup-x64-1.69.0-insider.exe","ca8a8376b46b63db7379cbcc827c75d92bf25e14","1.69.0-insider",1655183766002
"https://az764295.vo.msecnd.net/insider/d8823e67a907b3fa176068ad802682ccd74f8083/VSCodeSetup-x64-1.69.0-insider.exe","d8823e67a907b3fa176068ad802682ccd74f8083","1.69.0-insider",1655202713577
"https://az764295.vo.msecnd.net/insider/0b74e15affc1b44a5b7cd671dd0a02d3ed6d51a7/VSCodeSetup-x64-1.69.0-insider.exe","0b74e15affc1b44a5b7cd671dd0a02d3ed6d51a7","1.69.0-insider",1655270277694
"https://az764295.vo.msecnd.net/insider/6f7c824a826ff0ccaf4de05d6fe0aac3be7bc136/VSCodeSetup-x64-1.69.0-insider.exe","6f7c824a826ff0ccaf4de05d6fe0aac3be7bc136","1.69.0-insider",1655356715534
"https://az764295.vo.msecnd.net/insider/fbf1cf3832d43088e27837dbb68d24ab65a098c1/VSCodeSetup-x64-1.69.0-insider.exe","fbf1cf3832d43088e27837dbb68d24ab65a098c1","1.69.0-insider",1655443065237
"https://az764295.vo.msecnd.net/insider/4c72dedb4ad283a569f83a7389468c3ae2c642c3/VSCodeSetup-x64-1.69.0-insider.exe","4c72dedb4ad283a569f83a7389468c3ae2c642c3","1.69.0-insider",1655702229920
"https://az764295.vo.msecnd.net/insider/10e6e876822fa2da15fb68e8a6f1fb9aa8d94ce2/VSCodeSetup-x64-1.69.0-insider.exe","10e6e876822fa2da15fb68e8a6f1fb9aa8d94ce2","1.69.0-insider",1655788651662
"https://az764295.vo.msecnd.net/insider/f361c5b71d6676cfc6de97cdb1cc40b08bf7d994/VSCodeSetup-x64-1.69.0-insider.exe","f361c5b71d6676cfc6de97cdb1cc40b08bf7d994","1.69.0-insider",1655874951173
"https://az764295.vo.msecnd.net/insider/668c538b8d2fec1258ed786ae212124d6d68023c/VSCodeSetup-x64-1.69.0-insider.exe","668c538b8d2fec1258ed786ae212124d6d68023c","1.69.0-insider",1655961451540
"https://az764295.vo.msecnd.net/insider/d6497d3db17303db96044f5453141aa20bb3df6d/VSCodeSetup-x64-1.69.0-insider.exe","d6497d3db17303db96044f5453141aa20bb3df6d","1.69.0-insider",1656047879673
"https://az764295.vo.msecnd.net/insider/173f4bea73601a31859372b409cac2c20fa91194/VSCodeSetup-x64-1.69.0-insider.exe","173f4bea73601a31859372b409cac2c20fa91194","1.69.0-insider",1656052475498
"https://az764295.vo.msecnd.net/insider/e71b6105ebb4fbcfbf38a1b62bcbafdb048d3468/VSCodeSetup-x64-1.69.0-insider.exe","e71b6105ebb4fbcfbf38a1b62bcbafdb048d3468","1.69.0-insider",1656316869437
"https://az764295.vo.msecnd.net/insider/e7751367f79f327b8103bee33a07c16817a2c7cd/VSCodeSetup-x64-1.69.0-insider.exe","e7751367f79f327b8103bee33a07c16817a2c7cd","1.69.0-insider",1656393510480
"https://az764295.vo.msecnd.net/insider/0e3304bca9e862eddc7e437e2bab8a4a4a4f33c9/VSCodeSetup-x64-1.69.0-insider.exe","0e3304bca9e862eddc7e437e2bab8a4a4a4f33c9","1.69.0-insider",1656479897956
"https://az764295.vo.msecnd.net/insider/f1abeeab7e51df997bbb0f1ff900321ad2f21ac0/VSCodeSetup-x64-1.69.0-insider.exe","f1abeeab7e51df997bbb0f1ff900321ad2f21ac0","1.69.0-insider",1656566169442
"https://az764295.vo.msecnd.net/insider/0b3574dcef8f35fec4ee4f83dc958c1f16ef6fce/VSCodeSetup-x64-1.69.0-insider.exe","0b3574dcef8f35fec4ee4f83dc958c1f16ef6fce","1.69.0-insider",1656652670640
"https://az764295.vo.msecnd.net/insider/2932e29645f12f08235b7560b3f7d763b8a1cf25/VSCodeSetup-x64-1.69.0-insider.exe","2932e29645f12f08235b7560b3f7d763b8a1cf25","1.69.0-insider",1656952560518
"https://az764295.vo.msecnd.net/insider/92d25e35d9bf1a6b16f7d0758f25d48ace11e5b9/VSCodeSetup-x64-1.69.0-insider.exe","92d25e35d9bf1a6b16f7d0758f25d48ace11e5b9","1.69.0-insider",1657046135267
"https://az764295.vo.msecnd.net/insider/274aed07cc6fa04dc99984d3ee90f45d3711a7df/VSCodeSetup-x64-1.70.0-insider.exe","274aed07cc6fa04dc99984d3ee90f45d3711a7df","1.70.0-insider",1657254891765
"https://az764295.vo.msecnd.net/insider/3104db414c8fedcf6e4493f14da7df0b7413853a/VSCodeSetup-x64-1.70.0-insider.exe","3104db414c8fedcf6e4493f14da7df0b7413853a","1.70.0-insider",1657257341290
"https://az764295.vo.msecnd.net/insider/e69176aafd282090e18f558c2b2ac9b3d5b606f5/VSCodeSetup-x64-1.70.0-insider.exe","e69176aafd282090e18f558c2b2ac9b3d5b606f5","1.70.0-insider",1657516511080
"https://az764295.vo.msecnd.net/insider/9925e5d4d3d355758cd09d26868f0c12a0006828/VSCodeSetup-x64-1.70.0-insider.exe","9925e5d4d3d355758cd09d26868f0c12a0006828","1.70.0-insider",1657542576269
"https://az764295.vo.msecnd.net/insider/112b2d050c8398e74360fcb2219af76ad51e8aa5/VSCodeSetup-x64-1.70.0-insider.exe","112b2d050c8398e74360fcb2219af76ad51e8aa5","1.70.0-insider",1657603303057
"https://az764295.vo.msecnd.net/insider/f3528d481b366b24321c382d5e5849f4c7d65248/VSCodeSetup-x64-1.70.0-insider.exe","f3528d481b366b24321c382d5e5849f4c7d65248","1.70.0-insider",1657618194546
"https://az764295.vo.msecnd.net/insider/052d5b0027f6c9d64c8ca35955cb5117ba94d5d7/VSCodeSetup-x64-1.70.0-insider.exe","052d5b0027f6c9d64c8ca35955cb5117ba94d5d7","1.70.0-insider",1657689462909
"https://az764295.vo.msecnd.net/insider/e0a65a97d4f349cf11a7cae804a5553ccb412528/VSCodeSetup-x64-1.70.0-insider.exe","e0a65a97d4f349cf11a7cae804a5553ccb412528","1.70.0-insider",1657775944837
"https://az764295.vo.msecnd.net/insider/1cd90cceddf3c413673963ab6f154d2ff294b17c/VSCodeSetup-x64-1.70.0-insider.exe","1cd90cceddf3c413673963ab6f154d2ff294b17c","1.70.0-insider",1657862136790
"https://az764295.vo.msecnd.net/insider/1ccfe2bbe804a20a7c657ca42368987fd1adac58/VSCodeSetup-x64-1.70.0-insider.exe","1ccfe2bbe804a20a7c657ca42368987fd1adac58","1.70.0-insider",1658134077463
"https://az764295.vo.msecnd.net/insider/a74adedba8fb56d14f01f7950340dab33cfeae57/VSCodeSetup-x64-1.70.0-insider.exe","a74adedba8fb56d14f01f7950340dab33cfeae57","1.70.0-insider",1658207958577
"https://az764295.vo.msecnd.net/insider/92fd228156aafeb326b23f6604028d342152313b/VSCodeSetup-x64-1.70.0-insider.exe","92fd228156aafeb326b23f6604028d342152313b","1.70.0-insider",1658238077082
"https://az764295.vo.msecnd.net/insider/3da2d669a4dcf93938a262ba92f50b128ca7262a/VSCodeSetup-x64-1.70.0-insider.exe","3da2d669a4dcf93938a262ba92f50b128ca7262a","1.70.0-insider",1658294364895
"https://az764295.vo.msecnd.net/insider/62469028a6dce9db5b7c4639be7f447f4ab0e35c/VSCodeSetup-x64-1.70.0-insider.exe","62469028a6dce9db5b7c4639be7f447f4ab0e35c","1.70.0-insider",1658380933594
"https://az764295.vo.msecnd.net/insider/13ba7bb446a638d37ebccb1a7d74e31c32bb9790/VSCodeSetup-x64-1.70.0-insider.exe","13ba7bb446a638d37ebccb1a7d74e31c32bb9790","1.70.0-insider",1658467528500
"https://az764295.vo.msecnd.net/insider/3cbf3063281410d21951877eb628551809d70c6b/VSCodeSetup-x64-1.70.0-insider.exe","3cbf3063281410d21951877eb628551809d70c6b","1.70.0-insider",1658726906508
"https://az764295.vo.msecnd.net/insider/cc098faebd320a2eea3da6ae154b7e2e1347a4b9/VSCodeSetup-x64-1.70.0-insider.exe","cc098faebd320a2eea3da6ae154b7e2e1347a4b9","1.70.0-insider",1658812658349
"https://az764295.vo.msecnd.net/insider/9cf2fabdd600c7d8e3230803acb246405321e8dd/VSCodeSetup-x64-1.70.0-insider.exe","9cf2fabdd600c7d8e3230803acb246405321e8dd","1.70.0-insider",1658898911636
"https://az764295.vo.msecnd.net/insider/b4d5b4ed69af953901051b1f049851b9dca3563e/VSCodeSetup-x64-1.70.0-insider.exe","b4d5b4ed69af953901051b1f049851b9dca3563e","1.70.0-insider",1658985432282
"https://az764295.vo.msecnd.net/insider/743b016722db90df977feecde0a4b3b4f58c2a4c/VSCodeSetup-x64-1.70.0-insider.exe","743b016722db90df977feecde0a4b3b4f58c2a4c","1.70.0-insider",1659078174107
"https://az764295.vo.msecnd.net/insider/12b08be500f8a307f30e92cbc3ee39ba115eab69/VSCodeSetup-x64-1.70.0-insider.exe","12b08be500f8a307f30e92cbc3ee39ba115eab69","1.70.0-insider",1659091674016
"https://az764295.vo.msecnd.net/insider/1259bfe0090ac90afbf5d53335c43761de6bb19f/VSCodeSetup-x64-1.70.0-insider.exe","1259bfe0090ac90afbf5d53335c43761de6bb19f","1.70.0-insider",1659419604708
"https://az764295.vo.msecnd.net/insider/e9bda7aa4ff76648cfccc1a7bde465443803da71/VSCodeSetup-x64-1.70.0-insider.exe","e9bda7aa4ff76648cfccc1a7bde465443803da71","1.70.0-insider",1659459514403
"https://az764295.vo.msecnd.net/insider/da76f93349a72022ca4670c1b84860304616aaa2/VSCodeSetup-x64-1.70.0-insider.exe","da76f93349a72022ca4670c1b84860304616aaa2","1.70.0-insider",1659506348972
"https://az764295.vo.msecnd.net/insider/73fd3f11032e7b83c2ae011b5516e6ddd19e3db2/VSCodeSetup-x64-1.71.0-insider.exe","73fd3f11032e7b83c2ae011b5516e6ddd19e3db2","1.71.0-insider",1659685117232
"https://az764295.vo.msecnd.net/insider/b0895f9fcc5b49587a2b187a92bbe6d7efae35fa/VSCodeSetup-x64-1.71.0-insider.exe","b0895f9fcc5b49587a2b187a92bbe6d7efae35fa","1.71.0-insider",1659935972633
"https://az764295.vo.msecnd.net/insider/5cf4a848f9d297f6708e6dbd27b2a48f03ac6595/VSCodeSetup-x64-1.71.0-insider.exe","5cf4a848f9d297f6708e6dbd27b2a48f03ac6595","1.71.0-insider",1660022324009
"https://az764295.vo.msecnd.net/insider/fe946068ba8ed2c4db200483dbec89210fea1332/VSCodeSetup-x64-1.71.0-insider.exe","fe946068ba8ed2c4db200483dbec89210fea1332","1.71.0-insider",1660038137275
"https://az764295.vo.msecnd.net/insider/bcb31b9cfb2261ddbabfb73defed9ae78680b9b2/VSCodeSetup-x64-1.71.0-insider.exe","bcb31b9cfb2261ddbabfb73defed9ae78680b9b2","1.71.0-insider",1660064084959
"https://az764295.vo.msecnd.net/insider/dced70bbf36d3c53c08e791da1791ac7fc42519b/VSCodeSetup-x64-1.71.0-insider.exe","dced70bbf36d3c53c08e791da1791ac7fc42519b","1.71.0-insider",1660108730704
"https://az764295.vo.msecnd.net/insider/ef65ac1ba57f57f2a3961bfe94aa20481caca4c6/VSCodeSetup-x64-1.71.0-insider.exe","ef65ac1ba57f57f2a3961bfe94aa20481caca4c6","1.71.0-insider",1660195063645
"https://az764295.vo.msecnd.net/insider/eebdf8174b087979ae6af103f6f2e2f6f9062056/VSCodeSetup-x64-1.71.0-insider.exe","eebdf8174b087979ae6af103f6f2e2f6f9062056","1.71.0-insider",1660281463338
"https://az764295.vo.msecnd.net/insider/1a582f7c079d1eb4c89d4f637da2fc2fcb688b31/VSCodeSetup-x64-1.71.0-insider.exe","1a582f7c079d1eb4c89d4f637da2fc2fcb688b31","1.71.0-insider",1660540727525
"https://az764295.vo.msecnd.net/insider/8e42bda5487a953d59fab7792eedd4ca209cabba/VSCodeSetup-x64-1.71.0-insider.exe","8e42bda5487a953d59fab7792eedd4ca209cabba","1.71.0-insider",1660627086580
"https://az764295.vo.msecnd.net/insider/dd0ed9381aa5d0d43159463ccad1f7e060021580/VSCodeSetup-x64-1.71.0-insider.exe","dd0ed9381aa5d0d43159463ccad1f7e060021580","1.71.0-insider",1660713478118
"https://az764295.vo.msecnd.net/insider/f5c96e2db885f43fe1adb4a6ebbdfecf095430a8/VSCodeSetup-x64-1.71.0-insider.exe","f5c96e2db885f43fe1adb4a6ebbdfecf095430a8","1.71.0-insider",1660799803823
"https://az764295.vo.msecnd.net/insider/28f604dec81b609dd7e69362585f7a99d4c48f88/VSCodeSetup-x64-1.71.0-insider.exe","28f604dec81b609dd7e69362585f7a99d4c48f88","1.71.0-insider",1660886283504
"https://az764295.vo.msecnd.net/insider/235a92a3693176fbf9af16ec5b829c458a1d682f/VSCodeSetup-x64-1.71.0-insider.exe","235a92a3693176fbf9af16ec5b829c458a1d682f","1.71.0-insider",1661145421151
"https://az764295.vo.msecnd.net/insider/bd6107301dc9a6200bd8d4f64a9b198438b3f1d6/VSCodeSetup-x64-1.71.0-insider.exe","bd6107301dc9a6200bd8d4f64a9b198438b3f1d6","1.71.0-insider",1661231877442
"https://az764295.vo.msecnd.net/insider/e3043ebbc6f73fe66beb80ce6312818ae0e66798/VSCodeSetup-x64-1.71.0-insider.exe","e3043ebbc6f73fe66beb80ce6312818ae0e66798","1.71.0-insider",1661252205940
"https://az764295.vo.msecnd.net/insider/d5104dc1894e4a78b600662bf8958c7a2b9286a7/VSCodeSetup-x64-1.71.0-insider.exe","d5104dc1894e4a78b600662bf8958c7a2b9286a7","1.71.0-insider",1661268188853
"https://az764295.vo.msecnd.net/insider/7ed02a69658fc07f08740b98fa0d8d96c1a61ed4/VSCodeSetup-x64-1.71.0-insider.exe","7ed02a69658fc07f08740b98fa0d8d96c1a61ed4","1.71.0-insider",1661318291104
"https://az764295.vo.msecnd.net/insider/9529e11f6481ae53bba821b05e34549491b9415e/VSCodeSetup-x64-1.71.0-insider.exe","9529e11f6481ae53bba821b05e34549491b9415e","1.71.0-insider",1661432775471
"https://az764295.vo.msecnd.net/insider/35b971c92d210face8c446a1c6f1e470ad2bcb54/VSCodeSetup-x64-1.71.0-insider.exe","35b971c92d210face8c446a1c6f1e470ad2bcb54","1.71.0-insider",1661491142666
"https://az764295.vo.msecnd.net/insider/16faaf4eb07424d5d7dba7d12bffd64309c283f7/VSCodeSetup-x64-1.71.0-insider.exe","16faaf4eb07424d5d7dba7d12bffd64309c283f7","1.71.0-insider",1661786768701
"https://az764295.vo.msecnd.net/insider/078f8e986d44de2c88f1f52bf63cecb2f8ec2560/VSCodeSetup-x64-1.71.0-insider.exe","078f8e986d44de2c88f1f52bf63cecb2f8ec2560","1.71.0-insider",1661910801546
"https://az764295.vo.msecnd.net/insider/c4722f1bb292284e0437eb7547808a5788fe6430/VSCodeSetup-x64-1.72.0-insider.exe","c4722f1bb292284e0437eb7547808a5788fe6430","1.72.0-insider",1662095926129
"https://az764295.vo.msecnd.net/insider/d17726fe4beae5abe87ba9e9429cd298be8b53c4/VSCodeSetup-x64-1.72.0-insider.exe","d17726fe4beae5abe87ba9e9429cd298be8b53c4","1.72.0-insider",1662355118933
"https://az764295.vo.msecnd.net/insider/daf5eb22623fb2cc586453147fc4dab98cf10b1d/VSCodeSetup-x64-1.72.0-insider.exe","daf5eb22623fb2cc586453147fc4dab98cf10b1d","1.72.0-insider",1662460403275
"https://az764295.vo.msecnd.net/insider/0f2de31e4856886cdbf32f85488bc40f480fb38f/VSCodeSetup-x64-1.72.0-insider.exe","0f2de31e4856886cdbf32f85488bc40f480fb38f","1.72.0-insider",1662527884669
"https://az764295.vo.msecnd.net/insider/2d27f8db6a19f93529787731b0efa8f001478f6d/VSCodeSetup-x64-1.72.0-insider.exe","2d27f8db6a19f93529787731b0efa8f001478f6d","1.72.0-insider",1662614228338
"https://az764295.vo.msecnd.net/insider/0dce868b85978716d4fc7bc48b6a6a54c6a39fd0/VSCodeSetup-x64-1.72.0-insider.exe","0dce868b85978716d4fc7bc48b6a6a54c6a39fd0","1.72.0-insider",1662700692250
"https://az764295.vo.msecnd.net/insider/5cecbf4746a7b95dedaf9fc4534b9786b9a30ace/VSCodeSetup-x64-1.72.0-insider.exe","5cecbf4746a7b95dedaf9fc4534b9786b9a30ace","1.72.0-insider",1662740634917
"https://az764295.vo.msecnd.net/insider/835ace5796cec0ed19a7eec119b26b57220b0f1a/VSCodeSetup-x64-1.72.0-insider.exe","835ace5796cec0ed19a7eec119b26b57220b0f1a","1.72.0-insider",1662959970993
"https://az764295.vo.msecnd.net/insider/1a55beb2aaee64eb8d0cbe5b61b10088bbc6c895/VSCodeSetup-x64-1.72.0-insider.exe","1a55beb2aaee64eb8d0cbe5b61b10088bbc6c895","1.72.0-insider",1663046280465
"https://az764295.vo.msecnd.net/insider/17c77dd9bc6af406be11e45e11627b72fba507e7/VSCodeSetup-x64-1.72.0-insider.exe","17c77dd9bc6af406be11e45e11627b72fba507e7","1.72.0-insider",1663087118956
"https://az764295.vo.msecnd.net/insider/b3546b4bb5aff5254ef857cfd68a3da8534c068f/VSCodeSetup-x64-1.72.0-insider.exe","b3546b4bb5aff5254ef857cfd68a3da8534c068f","1.72.0-insider",1663146122897
"https://az764295.vo.msecnd.net/insider/cfc01197555cb14a0d2d3463b331ce41de5733be/VSCodeSetup-x64-1.72.0-insider.exe","cfc01197555cb14a0d2d3463b331ce41de5733be","1.72.0-insider",1663224130679
"https://az764295.vo.msecnd.net/insider/6a5e3aad96929a7d35e09ed8d22e87a72bd16ff6/VSCodeSetup-x64-1.72.0-insider.exe","6a5e3aad96929a7d35e09ed8d22e87a72bd16ff6","1.72.0-insider",1663305551612
"https://az764295.vo.msecnd.net/insider/bd782eb059e133d3a20fdb446b8feb0010a278ad/VSCodeSetup-x64-1.72.0-insider.exe","bd782eb059e133d3a20fdb446b8feb0010a278ad","1.72.0-insider",1663564584053
"https://az764295.vo.msecnd.net/insider/a829fbb91cbae44afb6a389341a0763fb3a6ac6f/VSCodeSetup-x64-1.72.0-insider.exe","a829fbb91cbae44afb6a389341a0763fb3a6ac6f","1.72.0-insider",1663651079310
"https://az764295.vo.msecnd.net/insider/333754f29b719f605904f072b13c054c2231b9bd/VSCodeSetup-x64-1.72.0-insider.exe","333754f29b719f605904f072b13c054c2231b9bd","1.72.0-insider",1663738735515
"https://az764295.vo.msecnd.net/insider/ba515cdbb48470c116884deb6de17981d341ec06/VSCodeSetup-x64-1.72.0-insider.exe","ba515cdbb48470c116884deb6de17981d341ec06","1.72.0-insider",1663831230626
"https://az764295.vo.msecnd.net/insider/1f148906f1ece5c83a60ed8e211c9f387188dca3/VSCodeSetup-x64-1.72.0-insider.exe","1f148906f1ece5c83a60ed8e211c9f387188dca3","1.72.0-insider",1663910288382
"https://az764295.vo.msecnd.net/insider/b9f7f85e90b4d51b38fcbf4232801ab04bd659cb/VSCodeSetup-x64-1.72.0-insider.exe","b9f7f85e90b4d51b38fcbf4232801ab04bd659cb","1.72.0-insider",1663920685819
